1,-0.80205,1.209,10.767
2,-1.012,1.338,10.496
3,-1.173,1.4741,10.175
4,-1.213,1.575,9.8021
5,-1.1921,1.699,9.51
6,-1.13,1.841,9.3559
7,-1.0099,1.987,9.3559
8,-0.85695,2.0509,9.428
9,-0.71295,2.0869,9.5051
10,-0.55995,2.0591,9.6769
11,-0.37995,2.0351,9.888
12,-0.19605,2.032,10.235
13,0.03795,2.0629,10.506
14,0.198,2.1019,10.74
15,0.30405,2.221,10.752
16,0.50505,2.3359,10.834
17,0.82605,2.456,10.951
18,1.206,2.676,11.265
19,1.6541,2.937,11.655
20,2.013,3.114,11.942
21,1.6541,2.865,11.633
22,1.747,2.748,11.42
23,1.731,2.528,11.32
24,1.479,2.253,10.999
25,1.1989,1.97,10.64
26,0.84,1.676,10.338
27,0.354,1.206,9.933
28,-0.201,0.69405,9.524
29,-0.94305,0.45195,9.141
30,-1.987,0.26805,8.83
31,-2.2961,-0.18405,8.49
32,-2.2481,-0.46605,8.1281
33,-2.1949,-0.339,7.9511
34,-2.0539,-0.15,7.865
35,-1.91,0.22005,7.872
36,-1.659,0.73695,7.8101
37,-1.3159,1.472,7.8341
38,-0.708,2.291,7.87
39,0.05205,2.988,7.865
40,0.89295,3.5861,7.867
41,1.7591,4.077,7.8769
42,2.6,4.4741,7.92
43,3.1789,4.723,7.953
44,3.486,4.8529,7.9031
45,3.5141,4.798,7.814
46,3.363,4.5679,7.8049
47,3.0739,4.338,7.8221
48,2.786,4.125,7.86
49,2.31,3.8329,7.9009
50,1.7141,3.488,8.032
51,1.103,3.1481,8.138
52,0.48795,2.892,8.1401
53,-0.00405,2.652,8.1161
54,-0.33705,2.391,8.0419
55,-0.54795,2.15,7.9961
56,-0.636,1.905,8.133
57,-0.77505,1.64,8.403
58,-0.92595,1.3789,8.731
59,-1.2161,0.996,9.057
60,-1.608,0.51195,9.28
61,-2.116,-0.02805,9.452
62,-2.4011,-0.32505,9.725
63,-2.399,-0.27705,10.015
64,-2.142,-0.114,10.29
65,-1.6781,0.306,10.534
66,-0.99105,0.864,10.707
67,-0.28395,1.343,10.735
68,0.21495,1.8379,10.721
69,1.0391,2.4701,10.328
70,1.601,2.6951,9.605
71,1.5559,2.571,9.5291
72,1.441,2.4131,9.378
73,1.51,2.3321,8.904
74,1.517,2.25,8.526
75,1.307,2.1019,8.0921
76,0.91905,1.898,7.719
77,0.53805,1.7779,7.3571
78,0.23205,1.7021,6.933
79,0.01605,1.6901,6.55
80,-0.04995,1.755,6.347
81,0.01605,1.891,6.3731
82,0.13095,2.032,6.6289
83,0.41595,2.1401,6.9191
84,0.78,2.229,6.945
85,1.161,2.3411,6.7781
86,1.503,2.535,6.6049
87,1.8191,2.7649,6.615
88,2.145,3.0469,6.78
89,2.375,3.3251,7.0121
90,2.4131,3.4211,7.326
91,2.229,3.275,7.676
92,2.0111,2.995,7.86
93,1.51,2.492,8.054
94,0.87795,1.8379,8.5691
95,0.459,1.4,8.389
96,0.22905,1.254,7.446
97,-0.01095,1.324,7.046
98,0.05505,1.606,7.257
99,0.82095,2.2571,7.865
100,1.594,2.9209,8.418
101,1.161,2.827,8.796
102,0.61695,2.1401,8.94
103,0.687,1.6781,8.6141
104,1.7711,2.1949,8.787
105,2.8849,2.818,8.7911
106,3.615,3.213,8.4469
107,3.9379,3.2921,7.941
108,4.091,3.0739,7.728
109,4.139,2.724,7.702
110,4.07,2.346,7.913
111,3.919,1.9601,8.243
112,3.636,1.611,8.655
113,3.2321,1.242,8.942
114,2.7191,0.85695,9.083
115,2.162,0.426,9.0551
116,1.553,-0.00195,8.9831
117,0.885,-0.40695,8.9351
118,0.246,-0.85395,8.904
119,-0.26295,-1.347,8.82
120,-0.56205,-1.884,8.861
121,-0.519,-2.322,9.337
122,-0.25095,-2.5421,10.403
123,0.07095,-2.6239,11.686
124,0.31095,-2.9539,14.176
125,0.81405,-3.4781,18.78
126,1.695,-3.7969,17.167
127,2.238,-4.048,13.776
128,2.7889,-3.9979,13.281
129,2.997,-3.5741,12.938
130,2.6831,-2.935,11.976
131,2.233,-2.6261,10.661
132,2.068,-2.652,9.7871
133,2.262,-2.782,9.2411
134,2.533,-2.8699,8.6621
135,2.595,-2.904,8.016
136,2.525,-2.992,7.202
137,2.4341,-3.1361,6.3949
138,2.3239,-3.165,5.763
139,2.2571,-3.1069,5.367
140,2.2069,-3.012,5.253
141,2.2189,-2.904,5.121
142,2.2811,-2.839,5.109
143,2.322,-2.8849,5.353
144,2.2999,-2.997,5.851
145,2.3321,-3.069,6.426
146,2.384,-3.1601,7.091
147,2.399,-3.2839,7.781
148,2.4971,-3.366,8.5489
149,2.6599,-3.419,9.3439
150,2.8729,-3.498,10.194
151,3.124,-3.567,11.042
152,3.318,-3.708,11.676
153,3.431,-3.8569,11.983
154,3.4901,-3.945,12.012
155,3.584,-3.9739,11.83
156,3.689,-3.94,11.564
157,3.699,-3.936,11.329
158,3.5261,-4.0549,11.044
159,3.2561,-4.1659,10.558
160,2.9299,-4.185,10.02
161,2.645,-4.096,9.5381
162,2.4611,-3.9,9.275
163,2.3479,-3.7391,9.2681
164,2.1761,-3.5741,9.411
165,1.953,-3.5501,9.591
166,1.6609,-3.696,9.941
167,1.347,-3.871,10.486
168,1.005,-4.1419,11.178
169,0.603,-4.5199,11.995
170,0.32295,-4.8289,12.833
171,0.126,-5.051,13.853
172,0.07095,-5.305,14.619
173,0.06705,-5.454,15.304
174,0.117,-5.566,15.737
175,0.11895,-5.691,15.886
176,-0.00405,-5.868,16.01
177,-0.20295,-6.0469,16.156
178,-0.34695,-6.0671,16.242
179,-0.129,-5.923,16.307
180,0.201,-5.736,16.317
181,0.67905,-5.5279,16.324
182,1.656,-5.186,16.166
183,4.257,-4.537,15.325
184,5.128,-4.1921,13.556
185,4.506,-3.5501,12.919
186,3.512,-2.976,12.517
187,3.608,-2.3201,12.241
188,4.1081,-1.886,11.937
189,3.735,-1.719,11.605
190,3.249,-1.6541,11.624
191,2.008,-1.8619,11.846
192,1.1561,-2.154,11.93
193,0.711,-2.549,11.82
194,-0.30405,-2.9089,11.758
195,-0.91905,-3.21,11.83
196,-1.041,-3.5861,11.569
197,-1.003,-3.677,11.308
198,-1.041,-3.6799,10.546
199,-0.852,-3.517,9.6319
200,0.09495,-3.225,9.2989
201,0.102,-3.1909,8.964
202,-0.71295,-3.4661,8.454
203,0.76605,-3.725,7.9939
204,2.4131,-3.651,7.862
205,3.519,-2.846,7.6639
206,4.077,-3.117,7.8341
207,4.51,-3.2959,8.3171
208,5.892,-2.9179,8.267
209,6.531,-2.516,8.267
210,6.2081,-2.1881,8.0591
211,5.897,-2.0471,7.304
212,3.5141,-1.3,6.6581
213,2.774,-2.037,5.691
214,1.922,-2.004,5.5489
215,1.8311,-2.7311,5.028
216,3.162,-3.521,4.4501
217,5.016,-3.723,4.896
218,5.9111,-4.02,5.236
219,6.27,-4.398,5.379
220,5.1161,-3.66,6.495
221,8.0419,-4.422,7.005
222,10.17,-4.872,7.111
223,10.139,-5.454,6.0259
224,9.249,-5.0899,6.172
225,8.609,-4.896,6.225
226,8.6981,-5.3629,6.411
227,9.6011,-6.378,7.6901
228,9.3491,-6.993,7.767
229,9.1151,-7.752,8.274
230,7.5491,-7.977,9.0641
231,4.915,-8.279,8.916
232,2.588,-9.318,8.885
233,0.495,-9.984,8.3681
234,-0.69405,-10.281,8.166
235,-1.079,-10.242,7.98
236,-1.103,-10.513,7.1081
237,-2.4251,-9.8831,6.718
238,-3.2771,-9.751,5.241
239,-3.3161,-9.366,4.2401
240,-3.2839,-9.0791,3.596
241,-2.487,-9.0791,2.6141
242,-1.6541,-8.595,2.928
243,-1.3331,-8.1829,3.38
244,-0.74205,-8.229,2.997
245,0.519,-8.1619,2.664
246,1.8499,-8.032,3.584
247,2.98,-8.013,4.0991
248,3.85,-8.119,4.3
249,4.767,-8.286,5.2331
250,5.514,-8.526,6.27
251,5.83,-8.6,7.51
252,6.069,-8.511,8.5061
253,5.9779,-8.597,10.206
254,5.8129,-8.5091,13.824
255,5.5061,-8.478,15.603
256,5.157,-7.9271,16.046
257,5.0179,-7.3,16.204
258,5.25,-7.4509,15.198
259,4.929,-6.8021,13.913
260,3.725,-6.3079,14.183
261,3.177,-7.0099,11.921
262,2.751,-7.101,9.462
263,1.723,-6.459,9.3731
264,1.563,-7.029,6.6821
265,1.1561,-6.644,4.161
266,0.64605,-6.584,4.367
267,0.081,-6.016,1.623
268,-0.27,-6.165,0.48795
269,0.01605,-6.153,-0.98595
270,0.25605,-5.9591,-0.22905
271,0.282,-5.7649,0.24405
272,0.984,-6.7061,-1.647
273,1.46,-6.505,-1.517
274,1.896,-6.957,-0.72
275,2.253,-7.443,-2.8129
276,2.387,-7.434,-1.182
277,2.621,-7.779,-0.51705
278,3.114,-7.937,1.194
279,3.615,-7.5649,4.0841
280,3.6439,-7.1921,6.495
281,3.7849,-7.213,8.442
282,4.003,-7.4269,10.398
283,4.235,-7.697,12.033
284,4.2011,-7.9939,13.024
285,4.139,-7.961,13.463
286,3.756,-7.958,13.709
287,3.105,-8.0711,13.475
288,2.557,-8.2099,12.84
289,2.315,-8.097,11.825
290,2.514,-7.8221,10.51
291,3.016,-7.6421,9.117
292,3.799,-7.6369,8.037
293,4.489,-7.659,7.185
294,4.958,-7.5731,6.555
295,4.982,-7.3691,6.131
296,4.798,-7.245,5.4319
297,4.623,-7.1321,5.181
298,4.422,-6.931,4.6181
299,4.185,-6.548,4.295
300,4.3159,-6.306,3.488
301,4.348,-6.5891,3.081
302,4.4741,-7.0361,2.4251
303,4.6159,-7.518,1.91
304,4.3331,-8.1401,1.6039
305,3.948,-8.7431,1.958
306,3.624,-9.201,1.8071
307,3.165,-9.486,2.794
308,2.877,-9.675,3.6101
309,2.763,-9.6169,4.539
310,2.853,-9.359,5.729
311,3.004,-9.122,6.6821
312,3.335,-9.0401,7.465
313,3.7271,-9.062,8.09
314,4.077,-9.143,8.487
315,4.228,-9.244,8.9921
316,4.228,-9.421,9.5171
317,4.213,-9.6251,9.651
318,4.0511,-9.888,9.6199
319,3.9,-9.807,9.2561
320,3.423,-9.399,8.7221
321,2.956,-9.0761,8.114
322,2.6831,-8.715,7.534
323,2.545,-8.3509,7.02
324,2.583,-7.932,6.33
325,2.681,-7.4741,5.667
326,2.638,-7.111,5.547
327,2.6831,-6.794,4.881
328,2.767,-6.6131,3.981
329,2.899,-6.399,3.3041
330,3.3371,-6.0071,2.607
331,3.8899,-5.691,2.02
332,4.74,-5.5571,1.4149
333,5.566,-5.8819,1.326
334,6.131,-6.715,1.2919
335,6.038,-7.925,1.467
336,6.1909,-8.5399,1.755
337,6.342,-8.9329,2.3771
338,6.282,-9.038,2.4371
339,5.667,-9.0761,1.6369
340,4.886,-8.94,0.804
341,4.479,-8.482,0.11895
342,4.551,-7.836,-0.318
343,5.0591,-7.1989,-0.58395
344,5.796,-6.6581,-0.612
345,7.0819,-6.1601,-0.70605
346,8.4131,-5.8421,-0.71505
347,9.1841,-5.851,-0.70305
348,9.4309,-5.976,-1.177
349,9.704,-5.535,-0.39495
350,9.419,-5.0201,1.1989
351,9.074,-4.5251,2.7889
352,8.909,-4.233,3.605
353,8.195,-4.635,4.2829
354,6.979,-6.1001,4.867
355,6.0739,-8.063,5.753
356,4.843,-10.003,6.7301
357,4.4269,-10.858,6.921
358,4.048,-10.606,5.6929
359,2.616,-9.854,2.068
360,0.70605,-9.399,-1.324
361,-0.735,-9.21,-3.21
362,-1.4381,-8.9231,-4.132
363,-1.2919,-8.588,-5.255
364,-0.93795,-8.427,-6.069
365,-0.486,-8.528,-6.407
366,0.19605,-8.312,-5.916
367,1.793,-8.1401,-5.537
368,3.165,-8.195,-4.0819
369,4.204,-8.102,-2.3599
370,4.585,-7.8341,-2.2811
371,5.0659,-7.668,-0.79905
372,5.221,-7.4959,1.213
373,4.989,-7.8019,3.569
374,3.8779,-9.0671,6.285
375,2.4731,-10.803,8.2
376,1.043,-11.902,7.968
377,0.53805,-11.763,7.7351
378,0.65595,-11.19,6.766
379,1.419,-10.515,5.351
380,2.868,-9.543,3.696
381,4.096,-9.0281,1.946
382,4.747,-8.99,0.08805
383,4.8049,-9.1099,-1.4381
384,3.651,-9.239,-1.963
385,3.3851,-9.17,-2.5541
386,3.56,-9.062,-1.664
387,3.852,-9.15,-0.74895
388,3.6221,-9.5171,0.459
389,3.189,-9.6199,1.302
390,2.877,-9.6701,1.74
391,2.853,-9.893,2.315
392,2.5061,-9.842,3.2561
393,2.394,-9.828,3.531
394,1.987,-9.9911,4.139
395,2.0899,-9.89,4.043
396,2.581,-9.9169,3.3611
397,3.521,-9.747,2.355
398,4.7089,-9.555,1.213
399,5.54,-9.656,0.543
400,6.5891,-9.416,0.462
401,7.304,-9.189,0.61695
402,8.1829,-8.901,0.19305
403,8.703,-8.8871,-0.45705
404,8.561,-9.045,-1.367
405,7.4959,-9.6341,-2.221
406,6.414,-10.522,-3.7849
407,5.478,-11.327,-6.457
408,4.6181,-11.554,-8.018
409,4.0841,-10.621,-7.6609
410,3.8329,-8.7551,-4.62
411,3.624,-6.6131,-0.60795
412,3.009,-5.547,3.988
413,2.667,-6.009,6.399
414,2.463,-6.885,7.779
415,2.729,-7.343,7.776
416,2.736,-7.9271,7.154
417,2.691,-8.727,5.707
418,2.822,-9.433,3.6101
419,2.9329,-10.654,2.025
420,3.419,-12.694,1.97
421,3.948,-15.251,2.0779
422,4.671,-16.726,2.9299
423,5.502,-17.238,4.9751
424,4.9271,-17.382,2.085
425,3.459,-17.413,-3.67
426,2.2841,-16.793,-7.5941
427,1.484,-15.95,-9.2869
428,0.92805,-14.712,-9.294
429,1.0631,-12.869,-7.628
430,1.3811,-11.169,-5.2909
431,1.558,-10.254,-3.222
432,1.917,-9.433,-1.865
433,2.13,-8.8511,-1.146
434,2.2811,-8.688,-0.54795
435,2.387,-8.715,0.04005
436,2.262,-9.2291,0.65295
437,1.541,-8.7671,1.0819
438,1.249,-8.731,2.116
439,0.86895,-9.0791,4.436
440,0.53295,-9.1241,5.6449
441,0.27705,-8.9351,4.812
442,-0.07095,-8.863,3.4091
443,-0.435,-9.0259,2.463
444,-0.70305,-8.8819,1.752
445,-0.85905,-8.8421,1.031
446,-0.852,-8.6141,0.31305
447,-0.92805,-8.6051,-0.498
448,-0.9,-8.5061,-1.177
449,-0.756,-8.2601,-1.5851
450,-0.684,-7.893,-1.81
451,-0.711,-7.7381,-1.8671
452,-0.82605,-7.623,-1.812
453,-0.75795,-7.4239,-1.7261
454,-0.67695,-7.3691,-1.553
455,0.07905,-6.627,-1.4959
456,0.61005,-5.928,-1.419
457,0.46605,-6.337,-0.936
458,0.58605,-6.555,-0.58095
459,0.90495,-6.8021,-0.23895
460,1.3691,-7.041,-0.07605
461,1.68,-7.446,0.07095
462,1.137,-7.2229,0.68205
463,0.91695,-7.137,1.096
464,0.65805,-6.888,1.362
465,0.52605,-6.402,1.596
466,0.32805,-6.33,1.891
467,0.138,-6.2389,2.209
468,-0.05505,-6.258,2.375
469,-0.28005,-6.177,2.3479
470,-0.30405,-6.079,2.406
471,-0.22695,-5.724,2.2309
472,-0.354,-5.375,1.8551
473,-0.36795,-5.028,1.529
474,-0.198,-4.822,1.3039
475,-0.11895,-4.795,1.101
476,0.01095,-4.6849,0.97395
477,0.07095,-4.273,0.672
478,0.213,-3.778,0.00405
479,0.46605,-3.0499,-0.43305
480,0.62205,-2.664,-0.636
481,0.55995,-2.3771,-0.35895
482,0.25605,-2.2841,-0.423
483,0.009,-2.085,-0.47595
484,-0.30795,-2.0591,-0.6
485,-0.80205,-2.25,-0.50205
486,-1.608,-3.4931,-0.58605
487,-2.487,-7.273,-0.17205
488,0.69105,-15.555,-0.129
489,2.128,-22.994,1.917
490,3.076,-28.245,3.057
491,1.13,-30.072,3.2719
492,1.0871,-32.219,3.3971
493,2.384,-33.737,3.4451
494,1.57,-32.952,3.7031
495,1.431,-29.394,2.2759
496,1.587,-24.381,0.83295
497,2.0951,-19.192,-0.29205
498,2.056,-14.492,-1.4149
499,1.5611,-10.853,-2.406
500,0.91905,-8.1761,-3.064
501,0.471,-6.237,-3.519
502,0.114,-4.872,-3.771
503,-0.07395,-3.979,-3.73
504,-0.222,-3.519,-3.378
505,-0.246,-3.464,-2.8699
506,-0.20505,-3.7511,-2.2241
507,-0.20295,-4.3331,-1.5199
508,-0.04995,-5.078,-0.77505
509,0.12405,-5.916,-0.14595
510,0.25605,-6.646,0.342
511,0.30795,-7.2851,0.71805
512,0.258,-7.8049,1.067
513,0.18405,-8.308,1.3639
514,0.06705,-8.7101,1.522
515,0.02805,-8.997,1.5799
516,0.03795,-9.2321,1.5559
517,0.093,-9.261,1.46
518,0.162,-9.2321,1.3909
519,0.28395,-9.136,1.2521
520,0.47595,-9.0589,1.101
521,0.675,-8.9659,0.864
522,0.90705,-8.827,0.64095
523,1.043,-8.7911,0.43305
524,1.213,-8.669,0.36105
525,1.343,-8.6359,0.18405
526,1.5679,-8.559,0.162
527,1.8191,-8.418,0.378
528,1.91,-8.423,0.555
529,1.781,-8.5399,0.723
530,1.5731,-8.7341,0.684
531,1.355,-8.916,0.68205
532,1.067,-9.057,0.69105
533,0.969,-9.337,0.70305
534,0.78495,-9.6319,0.80895
535,0.52605,-9.9529,0.83805
536,0.29595,-10.13,0.87795
537,0.177,-10.417,0.94305
538,0.12405,-10.649,0.88995
539,0.129,-10.774,0.91395
540,0.09495,-10.913,0.93105
541,-0.01605,-11.073,0.82995
542,-0.102,-11.214,0.76305
543,-0.15495,-11.346,0.56895
544,-0.19305,-11.53,0.31095
545,-0.18105,-11.71,0.033
546,0.02595,-11.808,-0.24405
547,0.27195,-11.885,-0.59295
548,0.495,-11.942,-0.82095
549,0.816,-12.021,-1.0219
550,1.266,-12.172,-1.0939
551,1.6541,-12.227,-1.146
552,2.126,-12.232,-1.1389
553,2.561,-12.282,-0.88305
554,2.956,-12.194,-0.55005
555,3.4781,-12.141,-0.198
556,3.909,-12,0.20805
557,4.324,-11.858,0.63195
558,4.585,-11.729,1.0579
559,4.795,-11.554,1.412
560,4.9721,-11.375,1.735
561,5.195,-11.164,1.927
562,5.394,-10.973,2.138
563,5.372,-10.834,2.262
564,5.2481,-10.637,2.355
565,5.054,-10.561,2.49
566,4.869,-10.585,2.588
567,4.862,-10.688,2.7071
568,4.8739,-10.819,2.7311
569,4.987,-11.011,2.7071
570,5.1829,-11.243,2.631
571,5.4079,-11.497,2.514
572,5.8129,-11.83,2.233
573,6.162,-12.227,2.128
574,6.5,-12.62,1.982
575,6.9169,-13.113,1.776
576,7.4029,-13.633,1.551
577,7.692,-14.193,1.3909
578,7.781,-14.71,1.271
579,7.393,-15.115,1.1059
580,6.747,-15.438,0.79695
581,5.894,-15.34,0.39705
582,4.9991,-14.772,0.01095
583,4.11,-13.817,-0.54495
584,3.1909,-12.596,-1.194
585,2.499,-11.346,-1.881
586,1.8071,-10.082,-2.643
587,1.2161,-8.9231,-3.186
588,0.84705,-7.8289,-3.579
589,0.402,-6.8021,-4.053
590,0.114,-5.9351,-4.446
591,0.01095,-5.2001,-4.649
592,-0.117,-4.793,-4.743
593,-0.29895,-4.628,-4.7621
594,-0.639,-4.644,-4.5011
595,-0.969,-4.9009,-4.003
596,-1.3789,-5.257,-3.33
597,-1.8671,-5.82,-2.564
598,-2.456,-6.5411,-2.1229
599,-3.1601,-7.2041,-1.865
600,-3.804,-7.87,-1.8619
601,-4.1921,-8.3509,-1.9601
602,-4.101,-8.6479,-2.121
603,-3.617,-8.818,-2.2309
604,-2.899,-8.8511,-2.267
605,-2.0539,-8.8699,-2.25
606,-1.276,-8.8421,-2.298
607,-0.55995,-8.763,-2.3239
608,0.26505,-8.741,-2.382
609,0.94305,-8.7671,-2.4341
610,1.6159,-8.8421,-2.528
611,2.221,-8.9831,-2.64
612,2.782,-9.093,-2.774
613,3.261,-9.246,-2.9209
614,3.6799,-9.39,-3.0259
615,4.0751,-9.4879,-3.081
616,4.2851,-9.5411,-3.122
617,4.319,-9.656,-3.1481
618,4.1029,-9.78,-3.174
619,3.782,-9.8381,-3.1909
620,3.462,-9.725,-3.2561
621,3.1361,-9.6769,-3.249
622,2.839,-9.5891,-3.229
623,2.691,-9.534,-3.222
624,2.432,-9.3731,-3.2561
625,2.145,-9.249,-3.213
626,1.934,-9.1601,-3.0829
627,1.764,-9.057,-2.964
628,1.5611,-8.988,-2.7431
629,1.376,-8.9111,-2.509
630,1.158,-8.815,-2.2841
631,0.95205,-8.731,-2.044
632,1.012,-8.631,-1.781
633,1.065,-8.526,-1.541
634,1.125,-8.449,-1.2611
635,0.99105,-8.494,-1.108
636,0.921,-8.516,-1.0631
637,1.0631,-8.535,-0.9
638,1.142,-8.542,-0.74205
639,1.209,-8.7,-0.55305
640,1.288,-8.808,-0.39495
641,1.4959,-8.913,-0.198
642,1.836,-8.949,-0.093
643,2.085,-8.916,-0.02805
644,2.375,-8.918,0.033
645,2.557,-8.863,0.06405
646,2.549,-8.861,0.01395
647,2.619,-8.849,-0.105
648,2.729,-8.8541,-0.19605
649,2.8249,-8.9471,-0.27495
650,2.8849,-8.961,-0.339
651,2.928,-9.033,-0.45405
652,2.9659,-9.1549,-0.54105
653,2.992,-9.273,-0.69105
654,2.988,-9.337,-0.88305
655,3.0379,-9.421,-1.0339
656,3.0551,-9.433,-1.2851
657,3.0739,-9.342,-1.5251
658,2.899,-9.273,-1.8139
659,2.875,-9.103,-2.0779
660,2.763,-8.954,-2.411
661,2.583,-8.7431,-2.619
662,2.516,-8.559,-2.7769
663,2.418,-8.322,-2.8729
664,2.2931,-8.1281,-2.8699
665,2.1139,-8.011,-2.7769
666,1.97,-7.958,-2.631
667,1.7831,-7.91,-2.418
668,1.62,-7.934,-2.1829
669,1.551,-7.9699,-1.965
670,1.558,-8.006,-1.735
671,1.541,-8.032,-1.4959
672,1.613,-8.051,-1.312
673,1.64,-8.0419,-1.1629
674,1.5731,-8.085,-1.048
675,1.6039,-8.145,-0.96705
676,1.6421,-8.2451,-0.91395
677,1.6541,-8.353,-0.82305
678,1.659,-8.427,-0.80895
679,1.903,-8.5039,-0.747
680,2.0899,-8.5451,-0.756
681,2.1709,-8.5691,-0.816
682,2.255,-8.5489,-0.79005
683,2.391,-8.561,-0.77805
684,2.4821,-8.6021,-0.79005
685,2.583,-8.621,-0.81105
686,2.676,-8.652,-0.85695
687,2.798,-8.696,-0.852
688,2.782,-8.7461,-0.828
689,2.9089,-8.8249,-0.78705
690,3.0829,-8.82,-0.82095
691,3.201,-8.808,-0.888
692,3.438,-8.818,-0.98805
693,3.6911,-8.813,-1.072
694,3.984,-8.942,-1.197
695,4.3361,-9.045,-1.3211
696,4.7089,-9.215,-1.3789
697,5.0899,-9.2989,-1.448
698,5.427,-9.2561,-1.484
699,5.8661,-9.1961,-1.51
700,6.3229,-9.258,-1.419
701,6.644,-9.17,-1.393
702,6.811,-9.0641,-1.331
703,6.768,-8.9801,-1.29
704,6.672,-8.894,-1.2229
705,6.526,-8.8511,-1.185
706,6.34,-8.827,-1.113
707,6.17,-8.782,-1.096
708,6.012,-8.8781,-1.017
709,5.849,-8.9231,-1.024
710,5.796,-8.904,-1.067
711,5.6981,-8.9111,-1.1681
712,5.82,-8.913,-1.374
713,5.918,-8.9951,-1.699
714,5.901,-9.201,-2.1139
715,5.636,-9.689,-2.559
716,5.49,-10.333,-2.889
717,5.4611,-11.119,-3.124
718,5.4319,-11.897,-3.404
719,5.142,-12.689,-3.804
720,4.4771,-13.463,-4.295
721,3.6439,-14.135,-4.843
722,2.947,-14.492,-5.1761
723,2.387,-14.511,-5.229
724,2.106,-14.562,-4.889
725,1.934,-14.571,-4.345
726,1.776,-14.49,-3.629
727,1.6039,-14.463,-2.892
728,1.276,-14.435,-2.2639
729,1.0459,-14.435,-1.6661
730,0.9,-14.269,-1.0391
731,0.828,-13.98,-0.51705
732,0.76995,-13.609,-0.045
733,0.579,-13.173,0.423
734,0.459,-12.634,0.909
735,0.46905,-11.913,1.371
736,0.459,-11.102,1.676
737,0.651,-10.316,1.917
738,0.924,-9.6371,2.1469
739,1.1749,-9.112,2.315
740,1.434,-8.801,2.2811
741,1.857,-8.691,2.138
742,2.2811,-8.82,1.7261
743,2.664,-9.0521,1.173
744,2.899,-9.244,0.56505
745,3.0191,-9.419,0.07905
746,2.968,-9.536,-0.30795
747,2.7889,-9.6199,-0.615
748,2.463,-9.699,-0.81105
749,2.0831,-9.833,-0.9
750,1.716,-9.96,-0.91395
751,1.458,-10.06,-0.80595
752,1.3571,-10.111,-0.58095
753,1.331,-10.12,-0.28695
754,1.108,-10.204,-0.033
755,0.95505,-10.293,0.34395
756,0.65295,-10.415,0.73005
757,0.39195,-10.503,1.084
758,0.28695,-10.429,1.4
759,0.23205,-10.388,1.632
760,0.30105,-10.302,1.8671
761,0.29595,-10.221,2.0149
762,0.387,-10.156,2.15
763,0.49305,-10.099,2.1401
764,0.6,-9.938,2.0951
765,0.672,-9.8711,2.0059
766,0.84,-9.749,1.834
767,1.084,-9.5411,1.719
768,1.343,-9.3851,1.613
769,1.522,-9.218,1.522
770,1.5611,-9.0671,1.3211
771,1.676,-8.8369,1.079
772,1.716,-8.6929,0.85905
773,1.599,-8.6021,0.624
774,1.4861,-8.5811,0.42795
775,1.441,-8.5399,0.153
776,1.3691,-8.5519,-0.16695
777,1.2731,-8.576,-0.447
778,1.3211,-8.583,-0.67005
779,1.29,-8.638,-0.864
780,1.233,-8.729,-0.981
781,1.197,-8.775,-1.024
782,1.12,-8.9231,-0.97905
783,1.017,-9.009,-0.9
784,0.957,-9.1459,-0.75105
785,0.909,-9.282,-0.55995
786,0.89505,-9.3971,-0.414
787,0.82305,-9.486,-0.22695
788,0.651,-9.478,-0.06705
789,0.37095,-9.5021,0.08295
790,0.29205,-9.426,0.198
791,0.22905,-9.3161,0.27195
792,0.258,-9.153,0.28905
793,0.366,-8.964,0.21
794,0.58095,-8.751,0.06705
795,0.82605,-8.499,-0.057
796,0.97605,-8.2931,-0.213
797,1.266,-8.09,-0.45
798,1.5799,-7.9511,-0.672
799,1.865,-7.8499,-0.909
800,2.3291,-7.8071,-1.17
801,2.76,-7.893,-1.3451
802,3.213,-8.063,-1.491
803,3.6799,-8.3771,-1.506
804,3.945,-8.664,-1.383
805,4.067,-8.8819,-1.177
806,4.0361,-8.959,-0.945
807,3.948,-8.9659,-0.73005
808,3.818,-8.9231,-0.498
809,3.7609,-8.961,-0.30105
810,3.782,-9.0431,-0.06195
811,3.854,-9.1721,0.12405
812,3.8899,-9.3011,0.28905
813,3.9169,-9.419,0.42795
814,3.885,-9.5021,0.555
815,3.9259,-9.591,0.64605
816,3.8929,-9.641,0.70095
817,3.8209,-9.668,0.72705
818,3.732,-9.6289,0.67905
819,3.672,-9.6371,0.62895
820,3.624,-9.605,0.58605
821,3.5981,-9.524,0.435
822,3.512,-9.404,0.26505
823,3.4451,-9.282,0.16905
824,3.426,-9.1459,0.04305
825,3.375,-8.925,-0.04305
826,3.342,-8.7551,-0.114
827,3.294,-8.5489,-0.189
828,3.287,-8.384,-0.26295
829,3.1669,-8.25,-0.28905
830,3.076,-8.13,-0.28695
831,2.9539,-8.0441,-0.30795
832,2.887,-8.004,-0.306
833,2.887,-8.0471,-0.31605
834,2.8849,-8.023,-0.306
835,2.868,-7.9939,-0.306
836,2.8699,-8.099,-0.282
837,2.8129,-8.169,-0.201
838,2.82,-8.253,-0.13605
839,2.791,-8.3629,-0.03495
840,2.717,-8.4469,0.069
841,2.674,-8.5399,0.225
842,2.6359,-8.5781,0.32805
843,2.607,-8.669,0.42795
844,2.6479,-8.77,0.486
845,2.679,-8.8991,0.51405
846,2.628,-8.99,0.52395
847,2.633,-9.0551,0.53295
848,2.638,-9.141,0.462
849,2.712,-9.206,0.42105
850,2.751,-9.277,0.34395
851,2.815,-9.359,0.258
852,2.904,-9.392,0.198
853,3.033,-9.4451,0.10695
854,3.1481,-9.51,0.03105
855,3.237,-9.555,-0.06705
856,3.3491,-9.622,-0.15795
857,3.4571,-9.6701,-0.22695
858,3.605,-9.66,-0.306
859,3.701,-9.689,-0.426
860,3.768,-9.718,-0.46395
861,3.83,-9.7271,-0.45195
862,4.008,-9.7751,-0.402
863,4.211,-9.8351,-0.28905
864,4.5221,-9.957,-0.153
865,4.932,-10.242,0.01905
866,5.394,-10.625,0.234
867,5.8609,-11.068,0.519
868,6.364,-11.59,0.71505
869,6.9191,-12.215,0.852
870,7.465,-12.854,0.92805
871,7.956,-13.623,1.007
872,8.3201,-14.547,0.98595
873,8.645,-15.447,0.921
874,8.849,-16.479,0.81105
875,8.686,-17.435,0.708
876,8.102,-18.134,0.53805
877,6.984,-18.651,0.47595
878,5.5999,-18.871,0.34905
879,3.955,-18.613,0.04995
880,2.384,-17.88,-0.29595
881,1.2851,-16.661,-0.49995
882,0.984,-14.937,-0.56205
883,1.1389,-13.051,-0.555
884,1.3909,-11.243,-0.65805
885,1.551,-9.66,-0.768
886,1.506,-8.4079,-0.84
887,1.434,-7.35,-0.94305
888,1.288,-6.45,-0.948
889,1.041,-5.7409,-0.96705
890,0.83805,-5.2001,-0.861
891,0.639,-4.79,-0.70095
892,0.32505,-4.51,-0.45405
893,-0.129,-4.326,-0.318
894,-0.66795,-4.235,-0.30795
895,-1.089,-4.118,-0.22905
896,-1.412,-4.0601,-0.10005
897,-1.6661,-3.9859,-0.01905
898,-1.8619,-3.967,0.105
899,-2.1709,-3.945,0.22695
900,-2.372,-4.048,0.43005
901,-2.408,-4.1921,0.60495
902,-2.4251,-4.46,0.62205
903,-2.394,-4.7591,0.54795
904,-2.2309,-5.1109,0.414
905,-1.9841,-5.54,0.22005
906,-1.7021,-6.009,-0.04305
907,-1.336,-6.596,-0.282
908,-0.9,-7.2491,-0.58395
909,-0.34695,-7.9751,-1.084
910,0.28005,-8.6171,-1.599
911,1.0751,-9.347,-2.197
912,1.8191,-10.149,-2.853
913,2.7,-10.98,-3.4091
914,3.617,-11.703,-3.859
915,4.482,-12.321,-4.4771
916,4.8739,-12.718,-5.166
917,4.728,-12.893,-5.918
918,4.395,-12.826,-6.7039
919,3.7969,-12.558,-7.0819
920,3.093,-12.071,-6.976
921,2.54,-11.475,-6.3949
922,2.013,-10.872,-5.542
923,1.388,-10.374,-4.5731
924,0.71505,-10.113,-3.648
925,0.25605,-9.8741,-2.839
926,-0.10005,-9.795,-2.145
927,-0.318,-9.8351,-1.491
928,-0.42795,-9.897,-0.98595
929,-0.41595,-10.058,-0.59295
930,-0.186,-10.273,-0.237
931,-0.186,-10.453,-0.02805
932,-0.03495,-10.525,0.00705
933,0.09795,-10.599,-0.01905
934,0.28005,-10.52,-0.07095
935,0.52605,-10.395,-0.14805
936,0.71505,-10.163,-0.27495
937,0.95205,-9.897,-0.47805
938,1.1509,-9.66,-0.71295
939,1.4,-9.411,-0.78
940,1.558,-9.1841,-1.048
941,1.441,-9.0281,-1.2731
942,1.137,-9.016,-1.3
943,1.149,-8.8819,-1.5559
944,1.2109,-8.784,-1.723
945,1.362,-8.7341,-1.922
946,1.5199,-8.7101,-2.121
947,1.929,-8.645,-2.3321
948,2.2721,-8.626,-2.597
949,2.734,-8.564,-2.899
950,3.263,-8.5451,-3.076
951,3.529,-8.5691,-3.2561
952,3.7969,-8.5781,-3.366
953,3.967,-8.561,-3.419
954,4.134,-8.5489,-3.44
955,4.087,-8.528,-3.407
956,3.799,-8.5849,-3.1909
957,3.589,-8.571,-2.832
958,3.3131,-8.6051,-2.391
959,2.9659,-8.6,-1.958
960,2.674,-8.528,-1.522
961,2.399,-8.4251,-1.1441
962,2.097,-8.3149,-0.82095
963,1.872,-8.2691,-0.55305
964,1.7381,-8.1829,-0.32805
965,1.656,-8.121,-0.13395
966,1.5319,-8.123,-0.05205
967,1.4149,-8.1761,0.07905
968,1.29,-8.312,0.15795
969,1.441,-8.403,0.20805
970,1.264,-8.514,0.45195
971,1.7329,-8.5091,0.39495
972,1.9841,-8.523,0.27
973,2.298,-8.502,0.01095
974,2.588,-8.5061,-0.00705
975,2.858,-8.5399,0.03795
976,2.995,-8.593,0.009
977,2.9659,-8.6,-0.03105
978,3.112,-8.6021,-0.045
979,3.201,-8.576,-0.05505
980,3.1789,-8.631,-0.13395
981,3.0979,-8.664,-0.16005
982,3.0671,-8.6929,-0.186
983,3.117,-8.6479,-0.15495
984,3.134,-8.6171,-0.04005
985,3.141,-8.609,-0.04005
986,3.1549,-8.571,-0.13605
987,3.1429,-8.5541,-0.24105
988,3.088,-8.576,-0.40905
989,2.935,-8.6359,-0.612
990,2.798,-8.8061,-0.76995
991,2.751,-9.0311,-0.91695
992,2.717,-9.258,-1.003
993,2.7,-9.474,-1.0579
994,2.597,-9.5839,-1.0939
995,2.4821,-9.6649,-1.089
996,2.355,-9.692,-1.098
997,2.178,-9.687,-1.1269
998,2.044,-9.6581,-1.206
999,1.891,-9.613,-1.2679
1000,1.824,-9.567,-1.2919
1001,1.793,-9.555,-1.271
1002,1.8311,-9.605,-1.233
1003,1.97,-9.615,-1.158
1004,2.19,-9.648,-1.084
1005,2.4341,-9.663,-0.96405
1006,2.669,-9.641,-0.792
1007,2.889,-9.6169,-0.591
1008,3.0379,-9.534,-0.39195
1009,3.186,-9.4571,-0.162
1010,3.3491,-9.3611,0.033
1011,3.4661,-9.289,0.234
1012,3.5021,-9.122,0.342
1013,3.529,-9.009,0.47595
1014,3.51,-8.901,0.543
1015,3.512,-8.861,0.612
1016,3.5,-8.7889,0.67695
1017,3.426,-8.7461,0.699
1018,3.3679,-8.765,0.696
1019,3.3971,-8.784,0.684
1020,3.464,-8.8699,0.66795
1021,3.5741,-8.973,0.64095
1022,3.7489,-9.074,0.624
1023,3.912,-9.189,0.59595
1024,4.132,-9.294,0.54795
1025,4.371,-9.366,0.50505
1026,4.611,-9.433,0.50205
1027,4.7621,-9.4879,0.462
1028,4.956,-9.469,0.40695
1029,5.2001,-9.433,0.34905
1030,5.423,-9.4091,0.25995
1031,5.5061,-9.332,0.189
1032,5.559,-9.3131,0.10695
1033,5.679,-9.289,0.033
1034,5.619,-9.3041,-0.06705
1035,5.415,-9.3011,-0.114
1036,5.19,-9.273,-0.213
1037,5.008,-9.1841,-0.34695
1038,4.9481,-9.033,-0.426
1039,4.848,-8.88,-0.54105
1040,4.929,-8.6171,-0.627
1041,5.1829,-8.3171,-0.672
1042,5.257,-8.0951,-0.711
1043,5.6719,-7.8581,-0.723
1044,6.112,-7.668,-0.62895
1045,6.2771,-7.582,-0.462
1046,6.519,-7.558,-0.37995
1047,6.9881,-7.539,-0.102
1048,7.4411,-7.7621,0.13395
1049,7.7569,-8.1881,0.27705
1050,7.817,-8.8219,0.48105
1051,7.769,-9.641,0.615
1052,7.719,-10.539,0.73005
1053,7.5679,-11.372,0.80895
1054,7.307,-12.036,0.83295
1055,6.95,-12.51,0.79695
1056,6.4189,-12.852,0.735
1057,5.7409,-13.068,0.64095
1058,5.049,-13.24,0.495
1059,4.3549,-13.408,0.35595
1060,3.67,-13.563,0.31995
1061,2.971,-13.616,0.33495
1062,2.427,-13.503,0.33705
1063,1.9961,-13.249,0.39
1064,1.764,-12.854,0.40695
1065,1.441,-12.45,0.486
1066,1.1269,-12.064,0.588
1067,0.92595,-11.54,0.66
1068,0.675,-10.97,0.684
1069,0.38295,-10.436,0.67695
1070,0.033,-9.972,0.69405
1071,-0.23205,-9.5839,0.79005
1072,-0.43305,-9.273,1.0339
1073,-0.33705,-8.99,1.194
1074,-0.09495,-8.765,1.259
1075,0.21,-8.631,1.343
1076,0.744,-8.535,1.2799
1077,1.2919,-8.444,1.3211
1078,1.953,-8.2811,1.331
1079,2.597,-8.157,1.245
1080,2.956,-8.0779,1.096
1081,3.1069,-8.119,0.85905
1082,3.1069,-8.1761,0.70095
1083,2.98,-8.2691,0.51705
1084,2.832,-8.4079,0.42795
1085,2.712,-8.5691,0.44205
1086,2.573,-8.712,0.483
1087,2.4611,-8.861,0.60495
1088,2.355,-9.021,0.82095
1089,2.279,-9.179,1.067
1090,2.145,-9.3041,1.41
1091,2.068,-9.39,1.769
1092,1.982,-9.421,2.0951
1093,1.865,-9.452,2.4371
1094,1.743,-9.378,2.717
1095,1.659,-9.2989,2.961
1096,1.5371,-9.1241,3.165
1097,1.448,-8.997,3.3251
1098,1.393,-8.815,3.4091
1099,1.3571,-8.624,3.4451
1100,1.398,-8.4371,3.383
1101,1.506,-8.2841,3.241
1102,1.63,-8.152,3.04
1103,1.757,-7.9939,2.76
1104,1.917,-7.934,2.4581
1105,2.0269,-7.841,2.226
1106,2.138,-7.798,2.013
1107,2.2001,-7.788,1.834
1108,2.2961,-7.771,1.7021
1109,2.4581,-7.771,1.5439
1110,2.502,-7.8,1.51
1111,2.6021,-7.824,1.4981
1112,2.64,-7.889,1.522
1113,2.703,-7.992,1.623
1114,2.794,-8.09,1.762
1115,2.827,-8.253,1.989
1116,2.853,-8.454,2.3119
1117,2.791,-8.6621,2.645
1118,2.736,-8.8781,2.976
1119,2.758,-9.134,3.3161
1120,2.746,-9.392,3.6199
1121,2.686,-9.6769,4.005
1122,2.607,-9.9499,4.314
1123,2.6261,-10.156,4.556
1124,2.525,-10.4,4.838
1125,2.4461,-10.57,5.0179
1126,2.3239,-10.719,5.142
1127,2.267,-10.838,5.1139
1128,2.1829,-10.896,5.071
1129,2.0509,-10.913,4.96
1130,1.958,-10.953,4.814
1131,1.8791,-10.989,4.623
1132,1.762,-10.98,4.391
1133,1.6369,-10.937,4.122
1134,1.527,-10.872,3.816
1135,1.484,-10.757,3.464
1136,1.376,-10.654,3.0829
1137,1.2401,-10.537,2.6479
1138,1.1869,-10.412,2.2241
1139,1.1269,-10.312,1.8551
1140,1.065,-10.204,1.5131
1141,1.12,-10.144,1.185
1142,1.134,-10.077,0.84495
1143,1.122,-10.06,0.50895
1144,1.108,-10.065,0.25095
1145,0.97905,-10.056,0.033
1146,0.888,-10.058,-0.11895
1147,0.75405,-10.058,-0.246
1148,0.76605,-10.032,-0.31605
1149,0.79005,-10.005,-0.399
1150,0.80205,-9.938,-0.399
1151,0.89505,-9.893,-0.354
1152,0.86595,-9.869,-0.28005
1153,0.92595,-9.864,-0.18105
1154,1.005,-9.866,-0.03495
1155,1.0391,-9.8831,0.06195
1156,1.1179,-9.864,0.19605
1157,1.276,-9.866,0.29205
1158,1.2971,-9.8591,0.438
1159,1.4981,-9.926,0.59805
1160,1.62,-9.9311,0.732
1161,1.7141,-9.929,0.82305
1162,1.8379,-9.8471,0.95205
1163,1.896,-9.792,1.077
1164,1.86,-9.723,1.113
1165,1.812,-9.6581,1.247
1166,1.7779,-9.6289,1.3211
1167,1.745,-9.579,1.343
1168,1.7899,-9.6199,1.3571
1169,1.788,-9.572,1.3639
1170,1.8379,-9.577,1.359
1171,1.917,-9.546,1.2521
1172,2.008,-9.56,1.113
1173,2.1139,-9.569,1.003
1174,2.233,-9.5839,0.861
1175,2.3239,-9.651,0.723
1176,2.4491,-9.653,0.67905
1177,2.552,-9.68,0.59295
1178,2.662,-9.6941,0.56205
1179,2.763,-9.713,0.55995
1180,2.7889,-9.7421,0.54795
1181,2.839,-9.78,0.55695
1182,2.83,-9.83,0.64395
1183,2.8489,-9.8471,0.73905
1184,2.964,-9.804,0.82305
1185,3.0551,-9.78,0.90705
1186,3.1189,-9.744,1.0339
1187,3.165,-9.687,1.161
1188,3.1841,-9.663,1.326
1189,3.105,-9.641,1.551
1190,3.0949,-9.5891,1.728
1191,3.0911,-9.524,1.896
1192,3.126,-9.435,2.02
1193,3.076,-9.323,2.1589
1194,3.0311,-9.2201,2.2361
1195,2.925,-9.093,2.303
1196,2.851,-8.9831,2.358
1197,2.779,-8.8699,2.351
1198,2.712,-8.741,2.3291
1199,2.7,-8.696,2.214
1200,2.681,-8.621,2.0149
1201,2.64,-8.547,1.812
1202,2.662,-8.423,1.635
1203,2.65,-8.3201,1.448
1204,2.6831,-8.2811,1.3279
1205,2.722,-8.241,1.213
1206,2.7649,-8.214,1.1179
1207,2.7551,-8.2099,1.077
1208,2.748,-8.214,1.098
1209,2.7649,-8.241,1.173
1210,2.741,-8.296,1.283
1211,2.727,-8.344,1.4861
1212,2.681,-8.466,1.719
1213,2.674,-8.595,1.987
1214,2.691,-8.748,2.3081
1215,2.746,-8.9111,2.576
1216,2.748,-9.086,2.9209
1217,2.794,-9.2291,3.2389
1218,2.904,-9.388,3.5
1219,2.973,-9.5261,3.8089
1220,3.0499,-9.692,3.988
1221,3.1429,-9.8261,4.1659
1222,3.213,-9.969,4.2589
1223,3.323,-10.084,4.2919
1224,3.4421,-10.18,4.182
1225,3.591,-10.247,3.984
1226,3.787,-10.257,3.7031
1227,3.9619,-10.242,3.3971
1228,4.156,-10.211,3.081
1229,4.3571,-10.24,2.83
1230,4.4741,-10.338,2.5781
1231,4.563,-10.486,2.427
1232,4.659,-10.743,2.334
1233,4.7591,-11.066,2.229
1234,4.841,-11.471,2.178
1235,4.941,-11.913,2.1589
1236,5.071,-12.318,2.245
1237,5.2309,-12.816,2.2879
1238,5.31,-13.276,2.3321
1239,5.442,-13.659,2.4371
1240,5.518,-13.961,2.5901
1241,5.59,-14.152,2.6479
1242,5.679,-14.128,2.7071
1243,5.784,-13.827,2.7071
1244,5.82,-13.226,2.545
1245,5.6929,-12.514,2.379
1246,5.444,-11.715,2.128
1247,5.154,-10.855,1.81
1248,4.917,-10.084,1.453
1249,4.604,-9.452,1.158
1250,4.2881,-8.952,0.80595
1251,3.984,-8.49,0.52395
1252,3.567,-8.099,0.25605
1253,3.1069,-7.8071,-0.10695
1254,2.564,-7.575,-0.52605
1255,2.214,-7.4,-0.82605
1256,2.0231,-7.319,-1.0939
1257,1.903,-7.3121,-1.407
1258,1.716,-7.3331,-1.774
1259,1.443,-7.4269,-2.2639
1260,0.88305,-7.604,-2.968
1261,0.177,-7.91,-3.7271
1262,-0.543,-8.3771,-4.395
1263,-1.194,-8.904,-5.202
1264,-1.7501,-9.536,-6.2989
1265,-2.0539,-10.048,-7.395
1266,-2.411,-10.556,-8.346
1267,-2.6,-10.922,-8.571
1268,-2.523,-11.035,-7.599
1269,-2.181,-10.853,-5.992
1270,-1.8499,-10.498,-4.889
1271,-1.338,-10.056,-4.218
1272,-0.79005,-9.653,-3.696
1273,-0.31605,-9.3079,-3.287
1274,0.03105,-9.112,-3.009
1275,0.411,-9.009,-2.868
1276,0.77295,-8.954,-2.724
1277,1.115,-9.004,-2.559
1278,1.4861,-9.0521,-2.444
1279,1.7711,-9.0641,-2.3239
1280,2.0299,-9.095,-2.1709
1281,2.1881,-9.0761,-1.941
1282,2.3201,-9.091,-1.6901
1283,2.221,-9.1271,-1.419
1284,2.0591,-9.1961,-1.209
1285,1.9009,-9.2201,-1.0579
1286,1.74,-9.2869,-0.933
1287,1.5371,-9.337,-0.88995
1288,1.479,-9.354,-0.86595
1289,1.417,-9.3131,-0.876
1290,1.458,-9.2561,-0.96705
1291,1.491,-9.153,-1.065
1292,1.539,-9.071,-1.1441
1293,1.6159,-8.9111,-1.2521
1294,1.6249,-8.808,-1.324
1295,1.659,-8.6929,-1.3909
1296,1.664,-8.5811,-1.501
1297,1.623,-8.5181,-1.5371
1298,1.63,-8.415,-1.565
1299,1.494,-8.418,-1.575
1300,1.3691,-8.406,-1.5679
1301,1.336,-8.3651,-1.565
1302,1.055,-8.3959,-1.596
1303,0.888,-8.4079,-1.5851
1304,0.70605,-8.468,-1.5079
1305,0.49305,-8.5331,-1.388
1306,0.31995,-8.583,-1.249
1307,0.177,-8.624,-1.091
1308,0.07605,-8.6051,-1.0271
1309,-0.093,-8.6809,-0.96705
1310,-0.22905,-8.7431,-0.88995
1311,-0.375,-8.784,-0.81405
1312,-0.378,-8.818,-0.756
1313,-0.282,-8.945,-0.76605
1314,-0.08805,-8.9951,-0.864
1315,0.09495,-9.095,-0.98595
1316,0.26505,-9.1721,-1.108
1317,0.45705,-9.258,-1.2109
1318,0.75795,-9.32,-1.3279
1319,1.036,-9.325,-1.517
1320,1.295,-9.395,-1.707
1321,1.4381,-9.452,-1.927
1322,1.558,-9.4931,-2.1761
1323,1.618,-9.481,-2.423
1324,1.5491,-9.512,-2.6141
1325,1.312,-9.4879,-2.7431
1326,1.0219,-9.534,-2.774
1327,0.83505,-9.433,-2.8009
1328,0.64095,-9.3521,-2.784
1329,0.495,-9.258,-2.748
1330,0.31605,-9.1579,-2.703
1331,0.14595,-9.0881,-2.609
1332,0.081,-9.045,-2.468
1333,0.15795,-9.016,-2.279
1334,0.249,-9.0071,-2.0659
1335,0.20805,-8.988,-1.8311
1336,0.31095,-9.004,-1.664
1337,0.471,-9.033,-1.541
1338,0.56895,-9.021,-1.4381
1339,0.79395,-9.0071,-1.393
1340,0.96405,-8.949,-1.3399
1341,1.177,-8.8541,-1.23
1342,1.2109,-8.8219,-1.101
1343,1.218,-8.82,-0.984
1344,1.2731,-8.799,-0.885
1345,1.5079,-8.832,-0.75795
1346,1.465,-8.9231,-0.64395
1347,1.63,-8.973,-0.54105
1348,1.63,-8.949,-0.43995
1349,1.6249,-8.928,-0.36105
1350,1.656,-8.9231,-0.37305
1351,1.6969,-8.9231,-0.37305
1352,1.743,-8.99,-0.35595
1353,1.745,-8.997,-0.378
1354,1.745,-8.959,-0.46605
1355,1.6159,-9.004,-0.48105
1356,1.558,-9.021,-0.54495
1357,1.5131,-9.048,-0.66795
1358,1.501,-9.0791,-0.80595
1359,1.589,-9.1,-0.9
1360,1.611,-9.131,-0.969
1361,1.647,-9.136,-1.0819
1362,1.611,-9.141,-1.1749
1363,1.731,-9.107,-1.302
1364,1.853,-9.0881,-1.398
1365,2.02,-9.0431,-1.5199
1366,2.0471,-8.988,-1.62
1367,2.092,-8.9329,-1.7209
1368,2.1641,-8.925,-1.8259
1369,2.142,-8.921,-1.956
1370,2.0779,-8.9689,-2.068
1371,2.2759,-8.957,-2.15
1372,2.403,-8.9329,-2.255
1373,2.456,-8.8699,-2.408
1374,2.6141,-8.7941,-2.499
1375,2.7071,-8.7551,-2.537
1376,2.669,-8.6981,-2.547
1377,2.4851,-8.5849,-2.523
1378,2.118,-8.487,-2.502
1379,1.74,-8.468,-2.384
1380,1.491,-8.4079,-2.202
1381,1.472,-8.358,-1.953
1382,1.477,-8.339,-1.656
1383,1.563,-8.2931,-1.4
1384,1.6969,-8.279,-1.2041
1385,1.8259,-8.277,-1.0579
1386,1.723,-8.19,-0.88995
1387,1.7831,-8.123,-0.36795
1388,1.7659,-8.142,-0.23205
1389,1.5851,-8.291,-0.25995
1390,1.5439,-8.418,-0.13605
1391,1.5919,-8.576,-0.06405
1392,1.7329,-8.643,-0.02595
1393,1.857,-8.705,0.03105
1394,1.881,-8.748,0.07905
1395,1.81,-8.8249,0.12405
1396,1.707,-8.94,0.15
1397,1.6609,-8.9231,0.117
1398,1.6729,-8.8511,-0.069
1399,1.7381,-8.7791,-0.222
1400,1.91,-8.815,-0.447
1401,2.1139,-8.885,-0.648
1402,2.291,-9.0259,-0.71295
1403,2.406,-9.191,-0.64395
1404,2.609,-9.3611,-0.55005
1405,2.94,-9.486,-0.498
1406,3.3851,-9.548,-0.414
1407,3.794,-9.536,-0.31605
1408,4.228,-9.5021,-0.23205
1409,4.5439,-9.546,-0.129
1410,4.771,-9.5861,-0.07395
1411,4.8791,-9.5501,-0.04695
1412,4.8791,-9.481,-0.00705
1413,4.862,-9.498,0.04305
1414,4.771,-9.459,0.04995
1415,4.68,-9.3851,0.00405
1416,4.539,-9.318,0.03105
1417,4.4029,-9.323,0.05205
1418,4.297,-9.332,0.04995
1419,4.137,-9.392,0.07395
1420,4.0549,-9.452,0.105
1421,4.077,-9.627,0.07905
1422,4.2829,-9.96,0.01095
1423,4.695,-10.601,-0.09
1424,5.257,-11.533,-0.165
1425,5.7169,-12.411,-0.21
1426,5.9111,-13.123,-0.31605
1427,5.727,-13.561,-0.471
1428,5.188,-13.891,-0.75795
1429,4.62,-14.135,-1.024
1430,4.13,-14.358,-1.371
1431,3.72,-14.679,-1.7209
1432,3.378,-15.024,-2.0779
1433,2.877,-15.342,-2.387
1434,2.3531,-15.625,-2.705
1435,1.929,-15.9,-3.0431
1436,1.539,-16.044,-3.39
1437,1.2521,-15.998,-3.677
1438,0.936,-15.833,-3.976
1439,0.71805,-15.316,-4.218
1440,0.45,-14.681,-4.204
1441,0.33195,-13.846,-3.94
1442,0.258,-12.9,-3.4901
1443,0.04305,-11.985,-3.009
1444,-0.15495,-11.073,-2.4731
1445,-0.43305,-10.065,-1.97
1446,-0.57405,-8.9689,-1.608
1447,-0.53805,-7.843,-1.393
1448,-0.40395,-6.8419,-1.137
1449,-0.29205,-6.035,-0.96405
1450,-0.09,-5.547,-0.82605
1451,0.102,-5.336,-0.79695
1452,0.32295,-5.351,-0.876
1453,0.43305,-5.64,-0.91395
1454,0.651,-6.1579,-0.88305
1455,0.861,-6.811,-0.924
1456,0.9,-7.506,-0.89295
1457,0.96,-8.15,-0.87105
1458,1.091,-8.528,-0.82995
1459,1.237,-8.8061,-0.74205
1460,1.441,-8.9111,-0.58095
1461,1.422,-8.9951,-0.31095
1462,1.371,-9.0761,0.00705
1463,1.182,-9.244,0.30795
1464,0.996,-9.428,0.79005
1465,0.77505,-9.531,1.3639
1466,0.60795,-9.704,1.853
1467,0.57705,-9.862,2.109
1468,0.60795,-10.048,2.2429
1469,0.68895,-10.254,2.375
1470,0.80595,-10.434,2.442
1471,0.81795,-10.486,2.499
1472,0.70605,-10.515,2.6261
1473,0.612,-10.455,2.6719
1474,0.58605,-10.46,2.7
1475,0.57195,-10.369,2.573
1476,0.54105,-10.271,2.4371
1477,0.60795,-10.178,2.25
1478,0.63405,-10.161,2.013
1479,0.73905,-10.242,1.687
1480,0.91905,-10.352,1.3571
1481,1.098,-10.482,1.089
1482,1.3091,-10.618,0.96
1483,1.4981,-10.709,0.84495
1484,1.652,-10.8,0.699
1485,1.81,-10.812,0.567
1486,1.9721,-10.81,0.45405
1487,2.1109,-10.745,0.39495
1488,2.0989,-10.633,0.43995
1489,1.989,-10.498,0.49305
1490,1.788,-10.412,0.56205
1491,1.5851,-10.35,0.58395
1492,1.441,-10.264,0.495
1493,1.101,-10.13,0.44505
1494,0.615,-9.945,0.44505
1495,0.22905,-9.783,0.531
1496,-0.14595,-9.596,0.648
1497,-0.40905,-9.421,0.77295
1498,-0.567,-9.2081,0.81795
1499,-0.71295,-9.016,0.79395
1500,-0.75405,-8.844,0.76095
1501,-0.684,-8.717,0.636
1502,-0.555,-8.6501,0.45
1503,-0.39,-8.535,0.21705
1504,-0.18105,-8.511,-0.11205
1505,-0.13395,-8.456,-0.46395
1506,0.009,-8.3651,-0.84705
1507,0.01605,-8.289,-1.1749
1508,0.04695,-8.238,-1.436
1509,0.03105,-8.25,-1.707
1510,0.07395,-8.3171,-1.86
1511,0.04695,-8.427,-1.932
1512,0.22695,-8.6141,-1.929
1513,0.33495,-8.8391,-1.8769
1514,0.66495,-9.0259,-1.74
1515,1.201,-9.218,-1.6609
1516,1.728,-9.3491,-1.594
1517,2.262,-9.4309,-1.541
1518,2.7191,-9.5051,-1.467
1519,3.076,-9.5411,-1.4261
1520,3.3319,-9.557,-1.3091
1521,3.4091,-9.543,-1.1509
1522,3.4331,-9.522,-0.933
1523,3.4691,-9.5381,-0.708
1524,3.411,-9.495,-0.498
1525,3.3491,-9.399,-0.33705
1526,3.287,-9.354,-0.16005
1527,3.1721,-9.3011,0.02805
1528,3.028,-9.222,0.16695
1529,2.916,-9.1241,0.306
1530,2.81,-9.038,0.387
1531,2.806,-9,0.46395
1532,2.806,-8.94,0.495
1533,2.8129,-8.88,0.507
1534,2.81,-8.799,0.507
1535,2.8009,-8.784,0.48795
1536,2.772,-8.676,0.45195
1537,2.7889,-8.633,0.37305
1538,2.818,-8.583,0.28395
1539,2.772,-8.542,0.23895
1540,2.791,-8.449,0.19605
1541,2.772,-8.3651,0.162
1542,2.7551,-8.3051,0.14295
1543,2.698,-8.265,0.10005
1544,2.681,-8.243,0.09
1545,2.6479,-8.324,0.10695
1546,2.705,-8.42,0.105
1547,2.734,-8.511,0.09795
1548,2.722,-8.597,0.081
1549,2.6719,-8.7221,0.07605
1550,2.6831,-8.801,0.04305
1551,2.688,-8.901,0.02595
1552,2.6599,-9.048,0.00405
1553,2.679,-9.148,-0.04995
1554,2.7191,-9.273,-0.057
1555,2.853,-9.435,-0.08595
1556,3.0619,-9.5981,-0.08595
1557,3.27,-9.737,-0.093
1558,3.4541,-9.888,-0.01905
1559,3.629,-9.9761,0.04695
1560,3.802,-10.087,0.045
1561,3.9049,-10.178,0.093
1562,4.008,-10.23,0.14295
1563,4.101,-10.307,0.201
1564,4.1749,-10.376,0.249
1565,4.213,-10.381,0.294
1566,4.173,-10.412,0.35895
1567,4.204,-10.379,0.39495
1568,4.146,-10.348,0.43995
1569,4.158,-10.328,0.486
1570,4.206,-10.343,0.54795
1571,4.324,-10.475,0.61995
1572,4.5409,-10.671,0.687
1573,4.843,-10.956,0.78495
1574,5.219,-11.336,0.86595
1575,5.6051,-11.772,0.90495
1576,6.0401,-12.22,0.97395
1577,6.414,-12.696,1.029
1578,6.7249,-13.187,1.0151
1579,6.9671,-13.635,1.017
1580,7.185,-14.076,1.0339
1581,7.319,-14.432,1.005
1582,7.41,-14.825,0.972
1583,7.393,-15.177,0.921
1584,7.2161,-15.282,0.73695
1585,6.718,-15.294,0.53805
1586,5.947,-15.222,0.294
1587,5.1161,-14.849,-0.02295
1588,4.247,-14.269,-0.47805
1589,3.426,-13.446,-0.94995
1590,2.856,-12.366,-1.41
1591,2.423,-11.085,-1.898
1592,2.126,-9.8831,-2.3359
1593,1.965,-8.8541,-2.573
1594,1.664,-7.908,-2.705
1595,1.245,-7.245,-2.734
1596,0.77295,-6.639,-2.798
1597,0.339,-6.196,-2.8849
1598,-0.12195,-5.904,-2.901
1599,-0.543,-5.684,-2.8489
1600,-1.0819,-5.494,-2.784
1601,-1.596,-5.2931,-2.717
1602,-2.1109,-5.229,-2.6
1603,-2.557,-5.286,-2.456
1604,-2.892,-5.391,-2.233
1605,-3.186,-5.588,-2.061
1606,-3.246,-5.779,-1.956
1607,-3.064,-6.141,-1.91
1608,-2.7,-6.5,-1.886
1609,-2.197,-6.883,-1.8791
1610,-1.671,-7.1321,-2.032
1611,-1.2349,-7.3159,-2.2759
1612,-0.75105,-7.508,-2.521
1613,-0.30405,-7.764,-2.7769
1614,0.07905,-8.0081,-2.9899
1615,0.54495,-8.3,-3.114
1616,1.072,-8.66,-3.205
1617,1.575,-9.057,-3.3011
1618,1.9249,-9.388,-3.5021
1619,2.2571,-9.692,-3.735
1620,2.463,-9.924,-4.0511
1621,2.645,-9.993,-4.3309
1622,2.6,-9.89,-4.6159
1623,2.5061,-9.852,-4.769
1624,2.226,-9.759,-4.843
1625,1.829,-9.7061,-4.5199
1626,1.5251,-9.768,-4.2011
1627,1.302,-9.833,-3.964
1628,1.084,-9.986,-3.6911
1629,0.82305,-10.19,-3.423
1630,0.495,-10.434,-3.1549
1631,0.34905,-10.63,-2.923
1632,0.33,-10.91,-2.7071
1633,0.30795,-11.164,-2.5181
1634,0.55005,-11.315,-2.2759
1635,0.67905,-11.322,-1.98
1636,1.0631,-11.253,-1.434
1637,1.405,-11.013,-0.816
1638,1.841,-10.621,-0.34905
1639,2.2481,-10.273,-0.07605
1640,2.487,-9.921,0.04005
1641,2.6831,-9.5621,0.198
1642,2.7649,-9.17,0.25305
1643,2.703,-8.8781,0.25995
1644,2.451,-8.6021,0.48105
1645,2.363,-8.37,0.49005
1646,2.415,-8.214,0.41595
1647,2.3891,-8.121,0.24405
1648,2.3441,-8.0779,0.093
1649,2.2691,-8.032,-0.07605
1650,2.166,-8.0749,-0.27195
1651,1.9961,-8.09,-0.50205
1652,1.884,-8.121,-0.744
1653,1.74,-8.2309,-1.017
1654,1.611,-8.3321,-1.338
1655,1.6159,-8.415,-1.644
1656,1.613,-8.482,-1.992
1657,1.7711,-8.5039,-2.363
1658,1.865,-8.5331,-2.698
1659,1.9009,-8.593,-2.947
1660,1.869,-8.631,-3.174
1661,1.7209,-8.679,-3.354
1662,1.623,-8.7431,-3.483
1663,1.551,-8.705,-3.5501
1664,1.501,-8.6809,-3.603
1665,1.606,-8.5781,-3.6101
1666,1.6661,-8.511,-3.5261
1667,1.764,-8.442,-3.431
1668,1.805,-8.406,-3.318
1669,1.7831,-8.42,-3.189
1670,1.7501,-8.406,-3.016
1671,1.68,-8.449,-2.832
1672,1.4981,-8.444,-2.669
1673,1.412,-8.48,-2.432
1674,1.5731,-8.485,-2.2601
1675,1.4501,-8.526,-2.0899
1676,1.465,-8.482,-1.927
1677,1.443,-8.439,-1.728
1678,1.467,-8.3629,-1.539
1679,1.494,-8.221,-1.3691
1680,1.5251,-8.138,-1.213
1681,1.5851,-8.04,-1.158
1682,1.436,-8.032,-1.108
1683,1.417,-7.846,-1.003
1684,1.417,-7.695,-0.873
1685,1.362,-7.575,-0.747
1686,1.484,-7.5131,-0.63405
1687,1.5679,-7.4269,-0.58605
1688,1.6901,-7.419,-0.471
1689,1.841,-7.434,-0.32505
1690,2.049,-7.486,-0.14805
1691,2.174,-7.551,0.18105
1692,2.42,-7.582,0.37305
1693,2.5781,-7.704,0.33195
1694,2.8489,-7.862,0.34905
1695,3.1961,-7.965,0.28395
1696,3.5981,-8.119,0.18405
1697,3.984,-8.2331,0.05895
1698,4.345,-8.42,0.021
1699,4.611,-8.5691,0.04995
1700,4.905,-8.741,-0.021
1701,5.229,-8.9329,-0.10995
1702,5.595,-9.134,-0.09
1703,5.7191,-9.347,0.105
1704,5.7191,-9.5411,0.186
1705,5.782,-9.524,-0.07395
1706,5.758,-9.51,-0.282
1707,5.7221,-9.548,-0.68205
1708,5.64,-9.531,-1.146
1709,5.7169,-9.447,-1.6901
1710,5.8129,-9.4091,-2.1521
1711,5.832,-9.3521,-2.54
1712,5.8819,-9.239,-2.746
1713,5.8339,-9.189,-2.784
1714,5.8579,-9.129,-2.698
1715,5.868,-9.0551,-2.5061
1716,6.131,-8.971,-2.197
1717,6.2989,-8.904,-1.817
1718,6.526,-8.8249,-1.489
1719,6.715,-8.703,-1.2731
1720,7.022,-8.626,-1.1561
1721,7.3789,-8.542,-1.161
1722,7.91,-8.454,-1.142
1723,8.703,-8.48,-1.113
1724,9.318,-8.6051,-1.161
1725,8.9921,-9.122,-1.3039
1726,7.676,-9.895,-1.4621
1727,6.237,-10.829,-1.4741
1728,5.8181,-11.882,-1.5131
1729,6.129,-13.13,-1.764
1730,6.366,-14.054,-2.25
1731,6.737,-14.679,-2.983
1732,7.29,-14.937,-3.452
1733,8.959,-14.626,-3.1099
1734,9.56,-14.554,-2.8819
1735,7.891,-14.617,-3.287
1736,5.26,-14.542,-4.2251
1737,3.486,-14.186,-5.636
1738,2.533,-13.396,-5.8579
1739,1.5799,-12.689,-5.279
1740,0.936,-12.148,-4.391
1741,0.57195,-11.573,-3.545
1742,0.363,-10.977,-2.552
1743,0.20295,-10.422,-1.563
1744,0.14595,-9.83,-0.65595
1745,-0.01605,-9.3281,0.14595
1746,-0.10695,-8.918,0.72
1747,-0.05205,-8.502,1.06
1748,-0.04995,-8.241,1.2919
1749,-0.00405,-8.0471,1.386
1750,0.10005,-7.9699,1.371
1751,0.35895,-8.037,1.201
1752,0.78495,-8.13,0.861
1753,1.1801,-8.296,0.531
1754,1.4501,-8.583,0.21
1755,1.647,-8.844,-0.01095
1756,1.704,-9.093,-0.165
1757,1.824,-9.4399,-0.28395
1758,1.845,-9.797,-0.32505
1759,1.822,-10.156,-0.38295
1760,1.7141,-10.451,-0.366
1761,1.64,-10.7,-0.36105
1762,1.551,-10.884,-0.28905
1763,1.491,-10.992,-0.23895
1764,1.491,-11.085,-0.20805
1765,1.541,-11.073,-0.222
1766,1.7711,-11.004,-0.26505
1767,2.0111,-10.915,-0.28905
1768,2.375,-10.829,-0.16005
1769,2.7071,-10.707,-0.02805
1770,2.8249,-10.616,0.01395
1771,2.782,-10.64,0.20505
1772,2.705,-10.743,0.50205
1773,2.511,-10.752,0.97395
1774,2.3479,-10.726,1.374
1775,2.2069,-10.683,1.8139
1776,1.91,-10.649,2.241
1777,1.558,-10.601,2.633
1778,1.407,-10.537,2.913
1779,1.166,-10.431,3.064
1780,1.108,-10.388,3.134
1781,1.264,-10.218,3.1
1782,1.4501,-10.036,3.0499
1783,1.5079,-9.986,3.0229
1784,1.793,-9.8501,2.887
1785,2.0149,-9.749,2.6831
1786,2.068,-9.72,2.4701
1787,2.154,-9.6341,2.145
1788,2.178,-9.565,1.829
1789,2.109,-9.4901,1.489
1790,1.8139,-9.5021,1.278
1791,1.407,-9.4759,0.95205
1792,1.0819,-9.376,0.70605
1793,0.77295,-9.263,0.49005
1794,0.402,-9.1841,0.25095
1795,0.06405,-9.0521,-0.03105
1796,-0.20805,-8.897,-0.31095
1797,-0.50895,-8.7671,-0.61005
1798,-0.744,-8.715,-0.792
1799,-0.912,-8.6621,-0.912
1800,-1.257,-8.731,-0.888
1801,-1.489,-8.6981,-0.93795
1802,-1.608,-8.724,-1.115
1803,-1.728,-8.688,-1.218
1804,-1.644,-8.595,-1.29
1805,-1.331,-8.499,-1.376
1806,-0.957,-8.451,-1.5919
1807,-0.54105,-8.346,-1.805
1808,0.02295,-8.255,-2.061
1809,0.79395,-8.099,-2.279
1810,1.565,-7.958,-2.4941
1811,2.226,-7.958,-2.604
1812,2.925,-8.006,-2.6141
1813,3.3161,-8.114,-2.48
1814,3.701,-8.312,-2.2931
1815,3.883,-8.535,-2.068
1816,3.919,-8.705,-1.805
1817,3.9049,-8.9111,-1.46
1818,3.861,-9.0431,-1.1321
1819,3.766,-9.071,-0.82605
1820,3.5621,-9.0311,-0.49305
1821,3.2839,-8.906,-0.213
1822,3.189,-8.784,-0.00195
1823,3.129,-8.7101,0.165
1824,3.0671,-8.593,0.29205
1825,3.0229,-8.494,0.471
1826,3.0551,-8.4701,0.567
1827,3.0979,-8.449,0.61005
1828,3.174,-8.475,0.72495
1829,3.2441,-8.511,0.82305
1830,3.3491,-8.535,0.94005
1831,3.464,-8.588,1.055
1832,3.4661,-8.633,1.1681
1833,3.4211,-8.696,1.257
1834,3.3281,-8.784,1.3691
1835,3.2681,-8.858,1.4381
1836,3.198,-8.957,1.482
1837,3.0499,-9.0791,1.484
1838,2.913,-9.1669,1.4621
1839,2.7551,-9.2411,1.424
1840,2.628,-9.332,1.355
1841,2.492,-9.4091,1.266
1842,2.415,-9.459,1.137
1843,2.3291,-9.5051,0.95505
1844,2.267,-9.512,0.76605
1845,2.1589,-9.546,0.531
1846,2.0591,-9.608,0.33
1847,1.97,-9.641,0.05895
1848,1.898,-9.696,-0.19605
1849,1.776,-9.744,-0.47595
1850,1.652,-9.797,-0.75795
1851,1.577,-9.83,-1.043
1852,1.522,-9.8741,-1.336
1853,1.606,-9.862,-1.601
1854,1.6901,-9.888,-1.848
1855,1.81,-9.945,-2.0111
1856,1.8191,-9.972,-2.092
1857,1.884,-9.969,-2.0831
1858,1.98,-9.941,-1.9361
1859,2.1349,-9.862,-1.687
1860,2.3599,-9.7391,-1.367
1861,2.537,-9.5981,-1.043
1862,2.736,-9.483,-0.76605
1863,2.9209,-9.332,-0.474
1864,3.174,-9.237,-0.21
1865,3.335,-9.1459,-0.00195
1866,3.507,-9.074,0.23205
1867,3.569,-9.057,0.462
1868,3.5981,-9.05,0.69405
1869,3.589,-9.0791,0.888
1870,3.553,-9.107,1.1179
1871,3.4661,-9.1601,1.307
1872,3.3851,-9.277,1.4501
1873,3.3401,-9.39,1.62
1874,3.229,-9.5411,1.798
1875,3.0829,-9.711,1.946
1876,2.911,-9.852,2.104
1877,2.758,-9.974,2.2121
1878,2.583,-10.012,2.2879
1879,2.406,-10.077,2.384
1880,2.178,-10.204,2.4341
1881,2.061,-10.228,2.427
1882,1.958,-10.233,2.4131
1883,1.7659,-10.261,2.363
1884,1.786,-10.259,2.2121
1885,1.822,-10.276,2.0351
1886,1.9249,-10.264,1.8259
1887,2.214,-10.252,1.599
1888,2.557,-10.271,1.3279
1889,3.1099,-10.202,0.993
1890,3.847,-10.163,0.61695
1891,4.644,-10.214,0.20505
1892,5.43,-10.369,-0.18405
1893,5.997,-10.642,-0.64395
1894,6.402,-11.078,-1.0819
1895,6.3919,-11.605,-1.575
1896,5.918,-12.186,-2.0509
1897,5.145,-12.692,-2.5181
1898,4.12,-12.996,-2.832
1899,3.222,-13.113,-3.138
1900,2.5901,-13.008,-3.536
1901,2.1709,-12.768,-3.72
1902,2.0149,-12.378,-3.814
1903,2.068,-11.909,-3.756
1904,2.229,-11.459,-3.814
1905,2.502,-11.052,-3.828
1906,2.652,-10.714,-3.802
1907,2.559,-10.556,-3.778
1908,2.3651,-10.475,-3.629
1909,2.109,-10.441,-3.342
1910,1.589,-10.503,-3.004
1911,1.166,-10.546,-2.564
1912,0.675,-10.668,-2.133
1913,0.25995,-10.714,-1.845
1914,-0.08595,-10.74,-1.599
1915,-0.39705,-10.69,-1.479
1916,-0.54795,-10.702,-1.355
1917,-0.65805,-10.685,-1.2919
1918,-0.69405,-10.64,-1.2611
1919,-0.68895,-10.522,-1.2161
1920,-0.735,-10.448,-1.2521
1921,-0.79005,-10.288,-1.2919
1922,-0.84,-10.197,-1.386
1923,-0.94305,-10.161,-1.501
1924,-1.031,-10.158,-1.5679
1925,-1.2349,-10.233,-1.64
1926,-1.355,-10.247,-1.7501
1927,-1.546,-10.278,-1.898
1928,-1.786,-10.326,-2.0299
1929,-1.9841,-10.391,-2.162
1930,-2.209,-10.491,-2.2691
1931,-2.432,-10.551,-2.351
1932,-2.521,-10.472,-2.5061
1933,-2.557,-10.403,-2.569
1934,-2.667,-10.307,-2.581
1935,-2.839,-10.254,-2.528
1936,-2.822,-10.108,-2.478
1937,-2.832,-9.955,-2.372
1938,-2.8819,-9.83,-2.2001
1939,-2.827,-9.66,-2.001
1940,-2.76,-9.567,-1.7261
1941,-2.6831,-9.414,-1.362
1942,-2.5421,-9.234,-1.003
1943,-2.4461,-9.1601,-0.60495
1944,-2.399,-9.103,-0.23895
1945,-2.391,-9.069,0.06405
1946,-2.418,-8.997,0.387
1947,-2.387,-8.921,0.66495
1948,-2.42,-8.9351,0.90705
1949,-2.454,-8.9231,1.13
1950,-2.456,-8.8991,1.307
1951,-2.571,-8.906,1.4149
1952,-2.621,-8.957,1.489
1953,-2.581,-9.009,1.558
1954,-2.583,-9.095,1.5559
1955,-2.537,-9.194,1.5251
1956,-2.4821,-9.359,1.47
1957,-2.382,-9.548,1.3811
1958,-2.157,-9.701,1.278
1959,-1.872,-9.902,1.1509
1960,-1.5559,-10.194,1.031
1961,-1.2109,-10.458,0.885
1962,-0.68895,-10.621,0.72
1963,-0.12195,-10.805,0.49995
1964,0.38505,-10.86,0.35595
1965,0.72705,-10.781,0.31095
1966,1.098,-10.551,0.225
1967,1.336,-10.3,0.17895
1968,1.47,-10.012,0.162
1969,1.467,-9.704,0.12195
1970,1.417,-9.433,0.14805
1971,1.359,-9.177,0.14595
1972,1.2919,-8.985,0.16695
1973,1.206,-8.8031,0.222
1974,1.1389,-8.669,0.27495
1975,1.101,-8.6501,0.31995
1976,1.1269,-8.633,0.351
1977,1.2229,-8.652,0.39
1978,1.276,-8.7341,0.435
1979,1.371,-8.8991,0.50895
1980,1.517,-9.016,0.57195
1981,1.5731,-9.131,0.66495
1982,1.7089,-9.213,0.82305
1983,1.8769,-9.285,0.876
1984,2.0779,-9.297,0.90195
1985,2.2601,-9.306,0.93105
1986,2.403,-9.3011,0.94995
1987,2.581,-9.275,1.0271
1988,2.681,-9.3281,1.098
1989,2.774,-9.395,1.067
1990,2.7649,-9.433,1.017
1991,2.959,-9.411,1.103
1992,3.2081,-9.28,1.283
1993,3.3251,-9.131,1.371
1994,3.584,-8.901,1.446
1995,3.56,-8.815,1.5559
1996,3.596,-8.736,1.8259
1997,3.8329,-8.588,1.946
1998,4.23,-8.4469,1.7021
1999,4.465,-8.339,1.687
2000,4.644,-8.3291,1.798
2001,4.989,-8.2451,1.817
2002,5.327,-8.212,1.829
2003,5.8871,-8.08,1.7831
2004,6.34,-7.9991,1.699
2005,6.591,-7.929,1.7141
2006,6.7631,-7.932,1.671
2007,7.005,-7.8791,1.695
2008,7.067,-7.838,1.7209
2009,7.3331,-7.795,1.824
2010,7.767,-7.6781,1.865
2011,8.296,-7.623,1.841
2012,8.5781,-7.563,1.786
2013,8.705,-7.553,1.743
2014,8.6171,-7.5461,1.606
2015,8.629,-7.4771,1.503
2016,8.5901,-7.5221,1.436
2017,8.3599,-7.53,1.388
2018,7.917,-7.5461,1.3211
2019,7.582,-7.47,1.158
2020,7.233,-7.2589,0.94305
2021,7.0361,-6.9671,0.77805
2022,7.1749,-6.723,0.61005
2023,7.542,-6.478,0.42105
2024,8.032,-6.21,0.177
2025,8.9951,-5.945,0.102
2026,10.034,-5.7221,-0.057
2027,10.781,-5.662,-0.069
2028,11.303,-5.7649,0.162
2029,11.674,-5.684,0.10995
2030,12.45,-5.595,0.13095
2031,12.768,-5.561,0.246
2032,13.18,-5.5039,0.24105
2033,13.182,-5.6689,0.31995
2034,13.391,-5.76,0.30795
2035,13.704,-5.832,-0.05505
2036,13.822,-5.9111,-0.46395
2037,13.439,-6.086,-1.1389
2038,12.996,-6.273,-2.169
2039,12.318,-6.529,-3.629
2040,11.334,-6.768,-5.7461
2041,10.309,-7.0601,-8.528
2042,9.285,-7.307,-11.629
2043,8.049,-7.68,-13.611
2044,7.702,-7.788,-14.116
2045,7.2371,-7.865,-12.938
2046,6.8659,-7.908,-11.107
2047,6.6529,-7.795,-9.337
2048,6.17,-7.814,-7.6901
2049,5.8339,-7.6609,-6.131
2050,5.652,-7.486,-4.659
2051,5.4559,-7.372,-3.3199
2052,5.284,-7.3309,-2.217
2053,5.1589,-7.3309,-1.347
2054,5.051,-7.3759,-0.77295
2055,4.992,-7.436,-0.40695
2056,4.937,-7.527,-0.20295
2057,4.9219,-7.632,-0.06705
2058,4.963,-7.764,0.07095
2059,4.987,-7.881,0.10995
2060,5.006,-7.9871,0.17205
2061,5.032,-8.111,0.165
2062,5.075,-8.253,0.174
2063,5.104,-8.3801,0.19305
2064,5.13,-8.514,0.21705
2065,5.0921,-8.664,0.27195
2066,5.13,-8.846,0.354
2067,5.0659,-9.009,0.40905
2068,5.0591,-9.1669,0.462
2069,5.047,-9.33,0.387
2070,5.047,-9.426,0.30405
2071,5.061,-9.591,0.18105
2072,5.03,-9.663,-0.009
2073,4.939,-9.6341,-0.15795
2074,4.767,-9.56,-0.35895
2075,4.6661,-9.423,-0.57705
2076,4.553,-9.2651,-0.70305
2077,4.604,-9.0761,-0.921
2078,4.577,-8.94,-1.1179
2079,4.798,-8.772,-1.424
2080,4.8049,-8.6929,-1.8139
2081,4.886,-8.5519,-2.399
2082,4.769,-8.49,-3.0469
2083,4.656,-8.514,-3.73
2084,4.585,-8.526,-4.391
2085,4.558,-8.516,-4.9751
2086,4.5731,-8.5331,-5.447
2087,4.5889,-8.528,-5.763
2088,4.5199,-8.583,-5.9539
2089,4.3999,-8.676,-5.8849
2090,4.443,-8.8391,-5.681
2091,4.5701,-9.021,-5.2999
2092,4.838,-9.285,-4.8259
2093,5.08,-9.718,-4.434
2094,5.262,-10.216,-4.022
2095,5.475,-10.755,-3.5
2096,5.607,-11.193,-2.952
2097,5.7221,-11.454,-2.49
2098,5.5759,-11.492,-2.044
2099,5.121,-11.255,-1.676
2100,4.518,-10.728,-1.412
2101,3.682,-10.115,-1.3399
2102,2.865,-9.557,-1.2679
2103,2.1229,-9.143,-1.206
2104,1.64,-8.861,-1.0271
2105,1.51,-8.528,-0.76095
2106,1.553,-8.2841,-0.43305
2107,1.692,-8.119,-0.10695
2108,1.86,-7.929,0.22005
2109,1.999,-7.704,0.43995
2110,2.274,-7.489,0.615
2111,2.547,-7.3121,0.77295
2112,2.9089,-7.1081,0.888
2113,3.342,-6.924,1.019
2114,3.735,-6.893,1.1749
2115,4.149,-6.9881,1.271
2116,4.422,-7.307,1.302
2117,4.5461,-7.8071,1.247
2118,4.611,-8.418,1.089
2119,4.5889,-9.15,0.897
2120,4.398,-9.943,0.68895
2121,4.0309,-10.726,0.579
2122,3.3319,-11.279,0.55305
2123,2.561,-11.652,0.65295
2124,1.903,-11.791,0.83505
2125,1.2521,-11.784,0.92595
2126,0.76095,-11.698,0.89505
2127,0.40905,-11.557,0.78
2128,0.05505,-11.494,0.61005
2129,-0.105,-11.394,0.366
2130,-0.27195,-11.274,0.07905
2131,-0.41595,-11.119,-0.10005
2132,-0.41595,-11.044,-0.25995
2133,-0.28395,-10.958,-0.30795
2134,-0.09495,-10.968,-0.33705
2135,0.20805,-10.973,-0.29895
2136,0.615,-10.973,-0.21
2137,1.142,-10.996,-0.09
2138,2.0269,-11.061,0.13605
2139,3.028,-10.987,0.45
2140,3.943,-10.824,0.70305
2141,4.5941,-10.554,0.933
2142,4.992,-10.185,1.149
2143,4.944,-9.811,1.355
2144,4.654,-9.368,1.5731
2145,4.1269,-8.9831,1.757
2146,3.569,-8.6839,1.886
2147,3.04,-8.516,2.02
2148,2.54,-8.423,2.121
2149,2.0659,-8.538,2.178
2150,1.7089,-8.727,2.154
2151,1.424,-8.957,2.068
2152,1.3811,-9.251,1.853
2153,1.3571,-9.5981,1.652
2154,1.424,-9.9499,1.419
2155,1.695,-10.254,1.245
2156,1.8791,-10.496,1.012
2157,1.9249,-10.731,0.88305
2158,1.956,-10.841,0.75105
2159,2.185,-10.908,0.66
2160,2.2691,-10.865,0.567
2161,2.454,-10.743,0.411
2162,2.525,-10.539,0.306
2163,2.533,-10.376,0.213
2164,2.593,-10.187,0.126
2165,2.65,-9.996,0.06195
2166,2.686,-9.792,-0.05205
2167,2.6479,-9.6649,-0.09
2168,2.655,-9.543,-0.14295
2169,2.523,-9.39,-0.16905
2170,2.456,-9.2989,-0.165
2171,2.363,-9.213,-0.177
2172,2.2841,-9.134,-0.18405
2173,2.226,-9.048,-0.213
2174,2.15,-8.909,-0.21
2175,2.138,-8.8339,-0.189
2176,2.13,-8.748,-0.15495
2177,2.1641,-8.691,-0.14805
2178,2.2481,-8.672,-0.11895
2179,2.367,-8.609,-0.093
2180,2.521,-8.561,-0.045
2181,2.667,-8.5061,-0.02595
2182,2.832,-8.444,-0.009
2183,2.956,-8.399,0.06705
2184,3.0379,-8.3681,0.13395
2185,3.129,-8.267,0.14595
2186,3.2149,-8.193,0.19305
2187,3.2771,-8.114,0.21495
2188,3.342,-8.066,0.18405
2189,3.411,-8.0921,0.16695
2190,3.495,-8.063,0.09795
2191,3.596,-8.085,0.02805
2192,3.701,-8.145,-0.04695
2193,3.766,-8.119,-0.162
2194,3.8449,-8.157,-0.28905
2195,3.8689,-8.221,-0.43995
2196,3.9739,-8.2841,-0.62205
2197,4.063,-8.289,-0.84
2198,4.137,-8.3,-1.0459
2199,4.1659,-8.3171,-1.185
2200,4.1899,-8.356,-1.307
2201,4.17,-8.37,-1.398
2202,4.0991,-8.394,-1.489
2203,4.053,-8.4371,-1.5679
2204,4.0339,-8.475,-1.5679
2205,3.9739,-8.5039,-1.4981
2206,3.96,-8.485,-1.3571
2207,3.993,-8.485,-1.201
2208,4.1029,-8.485,-1.019
2209,4.242,-8.456,-0.828
2210,4.295,-8.427,-0.627
2211,4.3331,-8.387,-0.45405
2212,4.3159,-8.3681,-0.32295
2213,4.386,-8.322,-0.17205
2214,4.415,-8.274,-0.045
2215,4.359,-8.265,0.08595
2216,4.2851,-8.207,0.16005
2217,4.247,-8.164,0.24105
2218,4.2611,-8.178,0.342
2219,4.187,-8.1619,0.459
2220,4.134,-8.186,0.579
2221,4.0841,-8.157,0.70095
2222,3.957,-8.126,0.85395
2223,3.8569,-8.138,0.99105
2224,3.804,-8.15,1.0871
2225,3.7271,-8.142,1.137
2226,3.711,-8.255,1.254
2227,3.648,-8.4469,1.3909
2228,3.569,-8.66,1.529
2229,3.572,-8.889,1.676
2230,3.615,-9.1601,1.8379
2231,3.617,-9.455,2.0231
2232,3.6319,-9.744,2.145
2233,3.593,-10.063,2.233
2234,3.5141,-10.3,2.363
2235,3.44,-10.539,2.379
2236,3.3521,-10.795,2.4371
2237,3.258,-10.961,2.456
2238,3.17,-11.166,2.384
2239,2.947,-11.327,2.303
2240,2.758,-11.459,2.221
2241,2.588,-11.547,2.097
2242,2.4731,-11.566,1.8671
2243,2.427,-11.538,1.623
2244,2.291,-11.53,1.312
2245,2.255,-11.605,0.924
2246,2.174,-11.746,0.36795
2247,2.013,-11.899,-0.28695
2248,1.9361,-12.093,-1.1801
2249,2.0149,-12.265,-2.118
2250,2.185,-12.435,-3.052
2251,2.291,-12.649,-3.9019
2252,2.241,-12.96,-4.68
2253,2.1761,-13.343,-5.3149
2254,2.0831,-13.762,-5.801
2255,1.992,-13.992,-5.952
2256,1.98,-14.061,-5.0351
2257,2.0899,-13.779,-3.531
2258,2.384,-13.259,-1.7261
2259,2.913,-12.565,-0.663
2260,3.4091,-12.031,-0.72705
2261,4.2401,-11.638,-1.2799
2262,4.98,-11.423,-1.63
2263,5.5061,-11.193,-1.7501
2264,5.8849,-11.035,-1.74
2265,5.798,-10.678,-1.716
2266,5.3891,-10.259,-1.692
2267,4.8019,-9.6371,-1.589
2268,4.221,-8.942,-1.465
2269,3.67,-8.212,-1.2799
2270,3.1841,-7.542,-1.065
2271,2.8849,-6.921,-0.89505
2272,2.561,-6.366,-0.696
2273,2.3171,-5.8661,-0.46605
2274,2.0179,-5.523,-0.26805
2275,1.704,-5.37,-0.07395
2276,1.383,-5.3149,0.105
2277,1.1059,-5.334,0.25995
2278,0.792,-5.4611,0.29895
2279,0.474,-5.798,0.40905
2280,0.16905,-6.1601,0.48105
2281,-0.129,-6.7009,0.48105
2282,-0.366,-7.254,0.40695
2283,-0.65295,-7.87,0.28695
2284,-0.90705,-8.5519,0.06195
2285,-1.247,-9.218,-0.25995
2286,-1.563,-9.881,-0.71505
2287,-1.903,-10.506,-1.367
2288,-2.1469,-11.114,-2.241
2289,-2.3119,-11.667,-3.3851
2290,-2.2961,-12.115,-4.934
2291,-1.987,-12.507,-6.6799
2292,-1.254,-12.68,-8.514
2293,-0.23895,-12.725,-10.067
2294,0.84,-12.656,-10.398
2295,1.7381,-12.397,-9.8021
2296,2.528,-12.088,-8.808
2297,3.129,-11.595,-7.8499
2298,3.545,-10.984,-7.039
2299,3.771,-10.384,-6.201
2300,3.677,-9.821,-5.4581
2301,3.246,-9.486,-4.704
2302,2.691,-9.186,-4.161
2303,2.13,-9.0311,-3.677
2304,1.628,-9.0139,-3.2771
2305,1.233,-9.0401,-2.9779
2306,0.82305,-9.1669,-2.691
2307,0.495,-9.3079,-2.322
2308,0.30105,-9.4091,-2.08
2309,0.14595,-9.464,-1.824
2310,0.11205,-9.5,-1.6039
2311,0.069,-9.543,-1.443
2312,0.069,-9.61,-1.259
2313,0.213,-9.639,-1.11
2314,0.22905,-9.596,-0.97605
2315,0.426,-9.471,-0.99105
2316,0.603,-9.376,-0.88305
2317,0.87105,-9.2531,-0.699
2318,1.29,-9.045,-0.50895
2319,1.7021,-8.9111,-0.399
2320,2.193,-8.784,-0.29205
2321,2.616,-8.676,-0.201
2322,2.9059,-8.5519,-0.17205
2323,3.1841,-8.418,-0.213
2324,3.2771,-8.267,-0.27705
2325,3.237,-8.08,-0.351
2326,3.1309,-7.9151,-0.483
2327,3.0791,-7.7621,-0.555
2328,3.0829,-7.604,-0.438
2329,3.258,-7.4269,-0.26805
2330,3.51,-7.326,-0.237
2331,3.617,-7.295,-0.29595
2332,3.634,-7.3091,-0.44205
2333,3.6199,-7.3691,-0.588
2334,3.531,-7.407,-0.74895
2335,3.347,-7.518,-0.897
2336,3.186,-7.609,-0.984
2337,2.856,-7.7621,-1.012
2338,2.619,-7.812,-0.984
2339,2.439,-7.865,-0.98805
2340,2.394,-7.917,-1.065
2341,2.399,-7.958,-1.1561
2342,2.444,-8.025,-1.249
2343,2.521,-8.0711,-1.302
2344,2.6239,-8.09,-1.417
2345,2.782,-8.023,-1.5559
2346,2.928,-7.937,-1.7141
2347,2.916,-7.872,-1.9009
2348,2.995,-7.819,-2.0179
2349,2.98,-7.769,-2.169
2350,2.8729,-7.7111,-2.3119
2351,2.65,-7.561,-2.418
2352,2.286,-7.515,-2.559
2353,1.9009,-7.508,-2.6831
2354,1.6661,-7.4771,-2.8009
2355,1.6781,-7.4771,-2.803
2356,1.5559,-7.41,-2.633
2357,1.295,-7.542,-2.408
2358,1.2229,-7.609,-2.3411
2359,1.386,-7.702,-2.3171
2360,1.455,-7.867,-2.128
2361,1.6249,-7.968,-1.884
2362,1.805,-8.061,-1.539
2363,2.0419,-8.114,-1.4621
2364,2.2189,-8.1161,-1.271
2365,2.387,-8.169,-0.99105
2366,2.521,-8.2451,-0.68895
2367,2.746,-8.341,-0.52095
2368,2.983,-8.442,-0.375
2369,3.2651,-8.475,-0.24105
2370,3.5741,-8.49,-0.13605
2371,3.775,-8.5519,-0.045
2372,4.022,-8.5661,0.00195
2373,4.1659,-8.6359,0.04695
2374,4.278,-8.705,0.01905
2375,4.527,-8.827,0.05205
2376,4.7329,-9.0401,0.10995
2377,5.0899,-9.294,0.234
2378,5.449,-9.519,0.28005
2379,5.7431,-9.653,0.33495
2380,6.012,-9.737,0.35595
2381,6.1601,-9.699,0.387
2382,6.258,-9.596,0.438
2383,6.2509,-9.514,0.51705
2384,6.222,-9.378,0.507
2385,6.34,-9.323,0.54495
2386,6.426,-9.3281,0.54495
2387,6.4691,-9.337,0.52905
2388,6.5569,-9.419,0.51195
2389,6.617,-9.534,0.483
2390,6.811,-9.608,0.45
2391,7.0721,-9.644,0.375
2392,7.4029,-9.591,0.27495
2393,7.8289,-9.4571,0.14295
2394,8.2691,-9.294,-0.01095
2395,8.8541,-9.112,-0.16905
2396,9.3161,-8.858,-0.33195
2397,9.732,-8.717,-0.60795
2398,9.866,-8.777,-0.97395
2399,9.2989,-9.1601,-1.527
2400,7.98,-9.756,-2.174
2401,6.8621,-10.74,-2.76
2402,6.253,-12.115,-3.5261
2403,5.928,-13.29,-4.4741
2404,5.6239,-13.97,-5.478
2405,5.245,-14.183,-6.229
2406,4.9271,-14.066,-6.45
2407,4.3571,-13.692,-6.179
2408,3.84,-13.118,-5.64
2409,3.193,-12.591,-4.958
2410,2.588,-12.081,-4.2641
2411,2.008,-11.535,-3.601
2412,1.6159,-11.116,-2.976
2413,1.122,-10.879,-2.42
2414,0.708,-10.661,-2.0269
2415,0.31995,-10.601,-1.7779
2416,0.02805,-10.575,-1.5251
2417,-0.24405,-10.64,-1.1921
2418,-0.339,-10.692,-0.78195
2419,-0.32805,-10.716,-0.37305
2420,-0.081,-10.604,-0.093
2421,0.186,-10.407,0.22695
2422,0.507,-10.142,0.52095
2423,0.885,-9.816,0.744
2424,1.35,-9.4399,0.912
2425,1.853,-9.098,0.96405
2426,2.214,-8.82,0.97605
2427,2.4701,-8.6479,0.885
2428,2.628,-8.607,0.64605
2429,2.5661,-8.6621,0.36795
2430,2.3291,-8.815,0.15495
2431,2.0951,-9.0401,-0.01095
2432,1.7779,-9.297,-0.10995
2433,1.407,-9.572,-0.08595
2434,1.13,-9.725,0.02595
2435,0.936,-9.981,0.13605
2436,0.83295,-10.312,0.201
2437,0.873,-10.633,0.22005
2438,0.89295,-10.97,0.26805
2439,0.97905,-11.32,0.40395
2440,1.005,-11.681,0.483
2441,1.065,-11.985,0.63405
2442,1.096,-12.119,0.82995
2443,1.1321,-12.182,1.142
2444,1.278,-12.179,1.479
2445,1.522,-11.981,1.857
2446,1.798,-11.779,2.209
2447,1.656,-11.698,2.643
2448,1.4861,-11.631,2.9299
2449,1.47,-11.43,3.021
2450,1.503,-11.126,3.0379
2451,1.494,-10.817,2.971
2452,1.472,-10.539,2.77
2453,1.424,-10.281,2.549
2454,1.3211,-10.008,2.2601
2455,1.1509,-9.759,1.9961
2456,0.91695,-9.567,1.692
2457,0.828,-9.4571,1.429
2458,0.672,-9.38,1.1179
2459,0.56505,-9.297,0.921
2460,0.624,-9.234,0.70605
2461,0.71805,-9.17,0.51405
2462,0.79695,-9.083,0.39495
2463,0.78495,-9.009,0.35895
2464,0.76095,-8.901,0.366
2465,0.65805,-8.81,0.44505
2466,0.63195,-8.705,0.6
2467,0.52095,-8.643,0.747
2468,0.41895,-8.624,0.897
2469,0.27495,-8.6171,1.0271
2470,0.15795,-8.583,1.17
2471,-0.04005,-8.5571,1.2521
2472,-0.222,-8.502,1.197
2473,-0.42795,-8.43,1.12
2474,-0.76605,-8.3771,1.0271
2475,-0.912,-8.296,0.83505
2476,-1.043,-8.164,0.54495
2477,-1.1681,-8.08,0.25605
2478,-1.2349,-7.889,-0.10005
2479,-1.2521,-7.673,-0.43995
2480,-1.218,-7.5199,-0.73005
2481,-0.993,-7.395,-1.041
2482,-0.80595,-7.407,-1.225
2483,-0.624,-7.532,-1.359
2484,-0.46395,-7.719,-1.472
2485,-0.25095,-8.016,-1.4621
2486,0.06405,-8.324,-1.388
2487,0.52605,-8.497,-1.3331
2488,1.1441,-8.6141,-1.405
2489,1.728,-8.624,-1.522
2490,2.2601,-8.6621,-1.64
2491,2.6951,-8.686,-1.7779
2492,3.0589,-8.815,-1.915
2493,3.2681,-8.906,-2.0269
2494,3.416,-9.0431,-2.037
2495,3.3731,-9.138,-1.9129
2496,3.3521,-9.277,-1.695
2497,3.282,-9.3641,-1.362
2498,3.193,-9.416,-1.0219
2499,3.1669,-9.469,-0.735
2500,3.15,-9.498,-0.45195
2501,3.1841,-9.565,-0.21495
2502,3.2839,-9.5861,-0.05895
2503,3.4211,-9.6371,0.07395
2504,3.51,-9.6251,0.201
2505,3.6679,-9.5891,0.25605
2506,3.78,-9.5261,0.32295
2507,3.8689,-9.455,0.39195
2508,3.9019,-9.3611,0.399
2509,3.8899,-9.213,0.39705
2510,3.909,-9.093,0.37095
2511,3.897,-8.9801,0.366
2512,3.85,-8.8819,0.339
2513,3.83,-8.796,0.28395
2514,3.806,-8.729,0.234
2515,3.818,-8.688,0.189
2516,3.782,-8.6621,0.11895
2517,3.816,-8.612,0.04305
2518,3.866,-8.597,-0.02295
2519,3.9379,-8.624,-0.04995
2520,4.0099,-8.6479,-0.07395
2521,4.113,-8.712,-0.114
2522,4.1509,-8.801,-0.07905
2523,4.269,-8.8511,-0.00405
2524,4.297,-8.894,0.06705
2525,4.3999,-8.897,0.14805
2526,4.386,-8.94,0.24105
2527,4.391,-8.9831,0.33705
2528,4.4029,-9.0641,0.387
2529,4.2881,-9.165,0.45195
2530,4.1989,-9.3439,0.51705
2531,4.094,-9.514,0.55995
2532,3.979,-9.713,0.567
2533,3.967,-9.8741,0.57195
2534,3.912,-10.053,0.54495
2535,3.8089,-10.187,0.49305
2536,3.7729,-10.252,0.39495
2537,3.718,-10.261,0.28905
2538,3.759,-10.264,0.21
2539,3.763,-10.214,0.129
2540,3.792,-10.182,0.141
2541,3.9,-10.178,0.11205
2542,4.003,-10.149,0.12405
2543,4.206,-10.151,0.174
2544,4.431,-10.261,0.213
2545,4.649,-10.41,0.19605
2546,4.944,-10.613,0.162
2547,5.255,-10.822,0.14805
2548,5.7461,-11.147,0.09
2549,6.105,-11.602,0.03495
2550,6.4429,-12.048,0.04005
2551,6.708,-12.574,0.02595
2552,6.835,-13.135,0.02595
2553,6.828,-13.74,-0.00195
2554,6.7729,-14.356,-0.09495
2555,6.502,-15.045,-0.23895
2556,5.947,-15.558,-0.38505
2557,5.241,-15.725,-0.498
2558,4.369,-15.512,-0.52095
2559,3.4811,-14.964,-0.61695
2560,2.81,-14.066,-0.69405
2561,2.478,-13.003,-0.72
2562,2.423,-11.758,-0.72495
2563,2.3441,-10.518,-0.72495
2564,2.3201,-9.376,-0.73695
2565,2.238,-8.344,-0.70305
2566,2.0989,-7.3091,-0.57405
2567,1.829,-6.5381,-0.474
2568,1.419,-5.945,-0.53805
2569,0.91905,-5.514,-0.495
2570,0.32295,-5.171,-0.462
2571,-0.22905,-4.9751,-0.45705
2572,-0.83805,-4.896,-0.41895
2573,-1.29,-4.822,-0.423
2574,-1.563,-4.8049,-0.45195
2575,-1.7779,-4.8529,-0.483
2576,-1.944,-5.0831,-0.56205
2577,-1.951,-5.4799,-0.627
2578,-1.869,-5.988,-0.672
2579,-1.647,-6.519,-0.69405
2580,-1.458,-7.125,-0.78495
2581,-1.314,-7.7591,-0.97395
2582,-1.1629,-8.418,-1.29
2583,-0.91695,-9.083,-1.659
2584,-0.55005,-9.747,-2.0179
2585,-0.11205,-10.398,-2.327
2586,0.51405,-11.119,-2.549
2587,1.355,-11.851,-2.6141
2588,2.4011,-12.428,-2.758
2589,3.392,-12.756,-3.275
2590,4.158,-12.823,-4.13
2591,4.841,-12.541,-5.164
2592,5.0629,-11.961,-6.1001
2593,4.941,-11.305,-6.548
2594,4.486,-10.594,-6.5
2595,3.948,-9.924,-6.117
2596,3.2321,-9.407,-5.516
2597,2.6021,-8.971,-4.771
2598,2.008,-8.705,-4.161
2599,1.455,-8.6171,-3.651
2600,1.0511,-8.6839,-3.165
2601,0.72705,-8.863,-2.705
2602,0.45,-9.107,-2.202
2603,0.28695,-9.347,-1.817
2604,0.30795,-9.577,-1.5131
2605,0.282,-9.7271,-1.2521
2606,0.52095,-9.8591,-1.0699
2607,0.89295,-10.017,-0.93105
2608,1.314,-10.115,-0.873
2609,1.719,-10.199,-0.849
2610,1.999,-10.163,-0.897
2611,2.1761,-10.041,-0.885
2612,2.1401,-9.797,-0.792
2613,2.02,-9.4429,-0.684
2614,1.824,-9.048,-0.723
2615,1.551,-8.7101,-0.71805
2616,1.4261,-8.387,-0.57705
2617,1.448,-8.164,-0.45
2618,1.479,-8.037,-0.426
2619,1.541,-7.8551,-0.31605
2620,1.692,-7.767,-0.19095
2621,1.764,-7.6781,-0.14295
2622,1.735,-7.692,-0.093
2623,1.699,-7.755,-0.09
2624,1.57,-7.841,-0.10005
2625,1.383,-7.963,-0.18405
2626,1.161,-8.15,-0.27705
2627,1.0699,-8.2451,-0.354
2628,1.048,-8.322,-0.39195
2629,0.96,-8.3629,-0.41595
2630,0.996,-8.4011,-0.411
2631,0.97905,-8.3959,-0.423
2632,1.098,-8.327,-0.387
2633,1.3571,-8.312,-0.40695
2634,1.57,-8.1881,-0.423
2635,1.922,-8.107,-0.471
2636,2.2931,-8.0441,-0.52095
2637,2.71,-7.9031,-0.64095
2638,3.021,-7.812,-0.76305
2639,3.3131,-7.7231,-0.87105
2640,3.507,-7.7141,-0.972
2641,3.8329,-7.702,-1.055
2642,3.955,-7.668,-1.0819
2643,4.02,-7.654,-1.053
2644,4.063,-7.5731,-1.11
2645,4.146,-7.58,-1.1441
2646,4.221,-7.5731,-1.158
2647,4.125,-7.599,-1.266
2648,4.0601,-7.551,-1.2731
2649,4.0751,-7.5011,-1.376
2650,3.976,-7.479,-1.484
2651,3.9,-7.4741,-1.6729
2652,3.792,-7.472,-1.699
2653,3.51,-7.539,-1.482
2654,3.4091,-7.5199,-1.5799
2655,3.524,-7.446,-1.479
2656,3.639,-7.482,-1.57
2657,3.7271,-7.534,-1.671
2658,3.747,-7.625,-1.798
2659,3.811,-7.812,-1.86
2660,3.909,-8.006,-1.9361
2661,4.024,-8.2931,-1.941
2662,4.137,-8.53,-1.872
2663,4.209,-8.8061,-1.8
2664,4.077,-9.095,-1.7329
2665,4.0339,-9.378,-1.599
2666,4.0271,-9.519,-1.367
2667,3.9499,-9.6341,-1.194
2668,3.979,-9.66,-1.0631
2669,4.091,-9.569,-0.94995
2670,4.3549,-9.371,-0.85905
2671,4.7089,-9.1601,-0.732
2672,5.0389,-8.957,-0.64605
2673,5.401,-8.796,-0.50895
2674,5.7889,-8.676,-0.354
2675,6.079,-8.5571,-0.20805
2676,6.3281,-8.451,-0.09495
2677,6.522,-8.444,0.01395
2678,6.6769,-8.394,0.17205
2679,6.792,-8.358,0.33195
2680,6.883,-8.37,0.49305
2681,6.8449,-8.382,0.67905
2682,6.486,-8.466,0.89505
2683,6.0019,-8.593,1.084
2684,5.396,-8.715,1.189
2685,4.9219,-8.777,1.201
2686,4.577,-8.8369,1.161
2687,4.3999,-8.82,1.077
2688,4.395,-8.688,0.99105
2689,4.767,-8.4589,0.84
2690,5.4581,-8.1619,0.636
2691,6.32,-7.8769,0.43995
2692,7.4741,-7.704,0.22905
2693,8.497,-7.726,-0.20505
2694,10.168,-7.982,-0.66
2695,11.696,-8.573,-1.225
2696,12.57,-9.524,-2.0779
2697,12.421,-10.771,-2.952
2698,11.696,-12.117,-3.72
2699,10.384,-13.336,-4.367
2700,8.892,-14.274,-4.992
2701,7.29,-14.811,-5.463
2702,5.808,-14.933,-5.7221
2703,4.4741,-14.753,-5.566
2704,3.462,-14.418,-5.0441
2705,2.667,-14.092,-4.391
2706,2.1401,-13.81,-3.689
2707,1.92,-13.649,-3.0469
2708,1.8311,-13.649,-2.3411
2709,2.0539,-13.582,-1.4741
2710,2.126,-13.645,-0.72
2711,2.1521,-13.661,-0.07395
2712,2.085,-13.58,0.486
2713,2.116,-13.252,0.95205
2714,2.238,-12.694,1.29
2715,2.358,-11.882,1.503
2716,2.391,-11.004,1.632
2717,2.351,-10.223,1.728
2718,2.4581,-9.6169,1.86
2719,2.705,-9.148,1.999
2720,3.1429,-8.76,2.073
2721,3.66,-8.478,2.109
2722,4.2589,-8.2189,2.073
2723,4.7831,-8.0419,1.9939
2724,5.257,-7.917,1.893
2725,5.681,-7.8,1.848
2726,5.916,-7.8,1.872
2727,6.016,-7.8,1.903
2728,5.949,-7.8049,1.915
2729,5.755,-7.891,1.932
2730,5.516,-7.941,1.9841
2731,5.3411,-8.0831,2.0389
2732,5.097,-8.229,2.13
2733,4.896,-8.346,2.202
2734,4.798,-8.456,2.214
2735,4.697,-8.597,2.181
2736,4.5889,-8.715,2.226
2737,4.527,-8.7941,2.1881
2738,4.441,-8.827,2.1709
2739,4.3789,-8.818,2.121
2740,4.3571,-8.7889,2.0749
2741,4.3069,-8.7581,2.0149
2742,4.266,-8.7101,2.0989
2743,4.3121,-8.64,2.274
2744,4.2919,-8.621,2.411
2745,4.173,-8.593,2.6141
2746,4.065,-8.542,2.8699
2747,4.067,-8.456,3.193
2748,3.96,-8.4079,3.6221
2749,3.996,-8.394,3.945
2750,4.139,-8.3321,4.024
2751,4.4981,-8.221,3.7729
2752,4.8499,-8.135,3.4661
2753,5.008,-8.0951,3.38
2754,4.989,-8.068,3.299
2755,4.98,-8.0351,3.229
2756,4.989,-8.1401,3.2029
2757,4.91,-8.274,3.158
2758,4.788,-8.435,3.294
2759,4.63,-8.609,3.5981
2760,4.393,-8.784,3.9139
2761,4.1029,-8.949,4.2401
2762,3.9049,-9.0761,4.587
2763,3.816,-9.165,4.848
2764,3.696,-9.2321,5.095
2765,3.581,-9.249,5.212
2766,3.512,-9.3161,5.332
2767,3.423,-9.311,5.367
2768,3.3491,-9.3131,5.3479
2769,3.205,-9.27,5.257
2770,3.117,-9.2081,5.118
2771,2.928,-9.103,5.016
2772,2.71,-8.964,4.958
2773,2.5181,-8.787,4.7809
2774,2.339,-8.607,4.7089
2775,2.157,-8.435,4.649
2776,1.987,-8.31,4.5199
2777,1.834,-8.2,4.489
2778,1.7501,-8.159,4.434
2779,1.632,-8.1829,4.374
2780,1.522,-8.214,4.359
2781,1.417,-8.291,4.3361
2782,1.3211,-8.389,4.395
2783,1.254,-8.497,4.443
2784,1.1681,-8.609,4.46
2785,1.089,-8.7221,4.462
2786,1.065,-8.815,4.482
2787,1.003,-8.925,4.465
2788,0.96195,-9.021,4.479
2789,1.041,-9.038,4.391
2790,1.003,-9.1459,4.4239
2791,0.97905,-9.198,4.46
2792,1.019,-9.237,4.419
2793,1.055,-9.2651,4.338
2794,1.0939,-9.2989,4.254
2795,1.1179,-9.337,4.213
2796,1.146,-9.388,4.139
2797,1.1681,-9.407,4.0361
2798,1.185,-9.435,3.9499
2799,1.194,-9.433,3.735
2800,1.1801,-9.495,3.6911
2801,1.13,-9.5741,3.759
2802,1.072,-9.6011,3.7151
2803,1.1561,-9.627,3.541
2804,1.1869,-9.696,3.2959
2805,1.1561,-9.783,3.3371
2806,1.218,-9.852,3.4691
2807,1.233,-9.9619,3.486
2808,1.257,-10.012,3.3439
2809,1.3211,-10.094,3.069
2810,1.3639,-10.194,3.105
2811,1.326,-10.305,3.189
2812,1.3399,-10.393,3.234
2813,1.3091,-10.47,3.241
2814,1.2281,-10.587,3.359
2815,1.283,-10.649,3.419
2816,1.3091,-10.757,3.486
2817,1.2161,-10.834,3.517
2818,1.2349,-10.927,3.548
2819,1.1509,-11.035,3.6199
2820,1.146,-11.09,3.6679
2821,1.036,-11.176,3.663
2822,0.96195,-11.253,3.694
2823,0.885,-11.272,3.672
2824,0.80595,-11.301,3.6101
2825,0.68205,-11.32,3.5261
2826,0.651,-11.353,3.416
2827,0.63195,-11.322,3.3079
2828,0.567,-11.334,3.124
2829,0.588,-11.277,2.937
2830,0.61995,-11.277,2.664
2831,0.6,-11.255,2.511
2832,0.52605,-11.207,2.31
2833,0.52095,-11.181,2.1401
2834,0.567,-11.085,1.929
2835,0.50205,-11.03,1.7711
2836,0.39,-10.973,1.606
2837,0.387,-10.956,1.4
2838,0.40905,-10.925,1.233
2839,0.31305,-10.846,1.0699
2840,0.246,-10.755,0.83805
2841,0.27705,-10.673,0.663
2842,0.33705,-10.597,0.636
2843,0.32505,-10.525,0.588
2844,0.45195,-10.436,0.378
2845,0.51405,-10.355,0.21495
2846,0.80895,-10.211,0.138
2847,1.012,-10.017,0.05505
2848,1.213,-9.886,0.021
2849,1.264,-9.7609,-0.021
2850,1.3639,-9.663,-0.01605
2851,1.5199,-9.543,0.126
2852,1.5919,-9.464,0.22905
2853,1.611,-9.407,0.237
2854,1.599,-9.388,0.351
2855,1.5559,-9.402,0.43305
2856,1.611,-9.411,0.486
2857,1.606,-9.478,0.474
2858,1.6039,-9.5411,0.50205
2859,1.6729,-9.6199,0.45405
2860,1.7591,-9.723,0.37995
2861,2.0111,-9.785,0.23205
2862,2.2121,-9.852,0.11895
2863,2.525,-10.01,-0.08295
2864,2.779,-10.053,-0.22695
2865,3.021,-10.111,-0.32805
2866,3.217,-10.197,-0.43995
2867,3.3439,-10.259,-0.54795
2868,3.404,-10.343,-0.612
2869,3.404,-10.357,-0.58095
2870,3.3041,-10.336,-0.55995
2871,3.2959,-10.283,-0.51705
2872,3.2269,-10.214,-0.42795
2873,3.198,-10.139,-0.351
2874,3.174,-10.067,-0.258
2875,3.2269,-9.9499,-0.15495
2876,3.263,-9.8351,-0.033
2877,3.3199,-9.672,0.10005
2878,3.359,-9.5501,0.249
2879,3.4571,-9.392,0.387
2880,3.4781,-9.2201,0.49305
2881,3.519,-9.0521,0.63405
2882,3.5501,-8.9471,0.75105
2883,3.507,-8.787,0.84195
2884,3.4811,-8.715,0.88995
2885,3.378,-8.6021,0.91395
2886,3.306,-8.542,0.9
2887,3.1789,-8.444,0.85395
2888,3.052,-8.339,0.76995
2889,2.887,-8.3171,0.651
2890,2.7551,-8.267,0.51705
2891,2.619,-8.2691,0.351
2892,2.502,-8.3,0.18405
2893,2.454,-8.3599,-0.009
2894,2.375,-8.478,-0.15495
2895,2.3411,-8.6141,-0.28695
2896,2.382,-8.7221,-0.39
2897,2.4821,-8.787,-0.49995
2898,2.557,-8.868,-0.588
2899,2.597,-8.858,-0.68895
2900,2.628,-8.844,-0.77295
2901,2.6,-8.832,-0.85395
2902,2.537,-8.808,-0.93105
2903,2.444,-8.7581,-0.97395
2904,2.382,-8.6981,-1.024
2905,2.2879,-8.629,-1.0631
2906,2.1829,-8.5489,-1.0939
2907,2.056,-8.5061,-1.113
2908,1.9841,-8.516,-1.115
2909,1.917,-8.4919,-1.185
2910,1.8769,-8.478,-1.2611
2911,1.92,-8.442,-1.3811
2912,1.874,-8.439,-1.47
2913,1.884,-8.456,-1.5199
2914,1.944,-8.487,-1.5079
2915,1.946,-8.573,-1.4741
2916,1.92,-8.657,-1.4381
2917,1.872,-8.77,-1.458
2918,1.774,-8.889,-1.448
2919,1.7329,-9.086,-1.477
2920,1.6421,-9.2531,-1.527
2921,1.577,-9.471,-1.659
2922,1.46,-9.591,-1.872
2923,1.3159,-9.759,-2.037
2924,1.271,-9.852,-2.181
2925,1.1269,-9.9,-2.245
2926,0.94305,-10.005,-2.262
2927,0.82995,-10.058,-2.25
2928,0.57195,-10.151,-2.1521
2929,0.459,-10.185,-1.939
2930,0.399,-10.19,-1.7899
2931,0.42105,-10.228,-1.6781
2932,0.45,-10.336,-1.527
2933,0.52395,-10.448,-1.412
2934,0.51195,-10.575,-1.338
2935,0.48795,-10.726,-1.264
2936,0.50205,-10.848,-1.185
2937,0.46395,-11.032,-1.103
2938,0.50895,-11.169,-1.019
2939,0.54495,-11.26,-1.041
2940,0.65295,-11.384,-1.067
2941,0.735,-11.463,-1.0939
2942,0.78195,-11.473,-1.0511
2943,0.82995,-11.466,-1.031
2944,0.78,-11.38,-0.98595
2945,0.651,-11.272,-0.924
2946,0.675,-11.042,-1.017
2947,0.723,-10.867,-1.084
2948,0.82305,-10.659,-1.137
2949,1.048,-10.395,-1.2851
2950,1.2731,-10.139,-1.424
2951,1.362,-9.941,-1.647
2952,1.453,-9.7751,-1.9129
2953,1.501,-9.6169,-2.0831
2954,1.558,-9.438,-2.214
2955,1.4959,-9.3161,-2.253
2956,1.5559,-9.138,-2.245
2957,1.632,-9.0191,-2.3239
2958,1.601,-8.99,-2.3771
2959,1.5371,-8.8871,-2.3651
2960,1.343,-8.844,-2.238
2961,1.1561,-8.782,-2.178
2962,0.996,-8.772,-2.0779
2963,0.79695,-8.8339,-1.872
2964,0.73005,-8.885,-1.601
2965,0.74205,-8.942,-1.242
2966,0.91905,-8.868,-0.87795
2967,1.012,-8.8541,-0.65805
2968,1.271,-8.808,-0.52095
2969,1.477,-8.8061,-0.46905
2970,1.707,-8.8369,-0.53595
2971,1.8311,-8.913,-0.54795
2972,1.987,-8.971,-0.615
2973,1.927,-9.0521,-0.639
2974,2.0869,-9.0431,-0.648
2975,2.0059,-9.0311,-0.69405
2976,2.02,-8.952,-0.69405
2977,1.91,-8.873,-0.696
2978,1.8139,-8.8339,-0.672
2979,1.6039,-8.8391,-0.56895
2980,1.331,-8.856,-0.507
2981,1.1749,-8.8339,-0.46395
2982,1.103,-8.708,-0.41595
2983,1.091,-8.5691,-0.378
2984,1.067,-8.53,-0.28395
2985,0.96,-8.5061,-0.249
2986,0.897,-8.4131,-0.26805
2987,1.0099,-8.358,-0.31995
2988,1.0219,-8.289,-0.31305
2989,1.019,-8.2601,-0.42795
2990,1.043,-8.207,-0.52095
2991,0.981,-8.217,-0.62205
2992,1.06,-8.186,-0.67905
2993,1.113,-8.145,-0.756
2994,1.079,-8.159,-0.852
2995,0.99795,-8.2099,-0.948
2996,0.864,-8.25,-1.048
2997,0.73695,-8.372,-1.1629
2998,0.62895,-8.4589,-1.2521
2999,0.54105,-8.5849,-1.3039
3000,0.498,-8.717,-1.3399
3001,0.519,-8.863,-1.393
3002,0.57405,-8.988,-1.367
3003,0.74895,-9.0761,-1.3811
3004,0.92805,-9.2321,-1.338
3005,1.1561,-9.3401,-1.276
3006,1.417,-9.5381,-1.177
3007,1.6249,-9.6371,-1.108
3008,1.8311,-9.663,-1.012
3009,2.0591,-9.699,-0.97605
3010,2.3239,-9.7061,-0.933
3011,2.6141,-9.723,-0.873
3012,2.9299,-9.713,-0.80205
3013,3.158,-9.627,-0.65595
3014,3.225,-9.56,-0.50505
3015,3.2651,-9.51,-0.34905
3016,3.275,-9.478,-0.22905
3017,3.306,-9.3559,-0.141
3018,3.3521,-9.2291,-0.10995
3019,3.5,-9.009,-0.117
3020,3.5861,-8.873,-0.18405
3021,3.612,-8.844,-0.20505
3022,3.759,-8.753,-0.21705
3023,3.9499,-8.741,-0.177
3024,4.2851,-8.7911,-0.05505
3025,4.6661,-8.8699,-0.069
3026,5.073,-8.9351,-0.07905
3027,5.547,-9.045,-0.15
3028,5.8871,-9.038,-0.28905
3029,6.0761,-8.9921,-0.294
3030,6.229,-8.954,-0.28005
3031,6.4639,-8.9659,-0.40905
3032,6.5171,-9.012,-0.59595
3033,6.32,-9.17,-0.63195
3034,5.808,-9.648,-0.47805
3035,4.96,-10.613,-0.25605
3036,4.115,-11.834,-0.057
3037,3.4901,-13.051,-0.06405
3038,2.727,-13.894,-0.129
3039,1.893,-14.32,-0.34395
3040,1.3091,-14.389,-0.77805
3041,0.876,-14.533,-1.115
3042,0.555,-14.698,-1.2919
3043,0.33495,-14.763,-1.2611
3044,0.26805,-14.93,-1.067
3045,0.438,-15.088,-0.84705
3046,0.96,-15.115,-0.72495
3047,1.46,-14.878,-0.56505
3048,1.965,-14.492,-0.474
3049,2.339,-13.649,-0.55695
3050,2.255,-12.275,-0.88095
3051,2.0831,-10.984,-1.2349
3052,2.142,-9.929,-1.5131
3053,2.3411,-9.148,-1.774
3054,2.576,-8.6051,-2.0419
3055,2.7529,-8.308,-2.2999
3056,2.8699,-8.6021,-2.3239
3057,2.901,-9.3401,-2.0749
3058,2.961,-10.139,-1.7501
3059,2.9659,-10.872,-1.3211
3060,2.925,-11.344,-0.897
3061,2.746,-11.511,-0.58395
3062,2.5541,-11.25,-0.411
3063,2.406,-10.786,-0.32505
3064,2.315,-10.419,-0.165
3065,2.205,-10.168,0.033
3066,2.193,-10.048,0.37095
3067,2.02,-10.161,0.708
3068,1.723,-10.429,1.0579
3069,1.4501,-10.846,1.35
3070,1.101,-11.332,1.683
3071,0.61695,-11.825,1.9841
3072,0.19095,-12.253,2.3201
3073,-0.08805,-12.469,2.559
3074,-0.28695,-12.562,2.686
3075,-0.411,-12.404,2.698
3076,-0.40905,-12.024,2.712
3077,-0.378,-11.54,2.693
3078,-0.318,-10.949,2.609
3079,-0.20505,-10.374,2.492
3080,-0.069,-9.84,2.363
3081,0.15795,-9.332,2.253
3082,0.378,-8.9351,2.1709
3083,0.567,-8.5519,2.193
3084,0.79695,-8.346,2.2241
3085,1.024,-8.19,2.322
3086,1.1509,-8.102,2.5541
3087,1.0871,-8.126,2.7431
3088,0.957,-8.262,2.81
3089,0.79395,-8.415,2.937
3090,0.60795,-8.547,2.964
3091,0.402,-8.6981,2.7889
3092,0.22905,-8.832,2.535
3093,-0.09,-8.9779,2.384
3094,-0.43995,-9.093,2.185
3095,-0.93105,-9.2869,1.9129
3096,-1.393,-9.371,1.3451
3097,-1.659,-9.3131,0.76995
3098,-1.869,-9.1841,0.28005
3099,-1.896,-9.0259,-0.17205
3100,-1.8431,-8.849,-0.60495
3101,-1.659,-8.607,-0.969
3102,-1.276,-8.3771,-1.326
3103,-0.90495,-8.2309,-1.534
3104,-0.57195,-8.157,-1.644
3105,-0.153,-8.102,-1.64
3106,0.36105,-8.147,-1.558
3107,0.81795,-8.193,-1.484
3108,1.3159,-8.2099,-1.47
3109,1.7329,-8.198,-1.347
3110,2.1829,-8.2099,-1.2731
3111,2.4851,-8.2481,-1.1921
3112,2.712,-8.243,-1.1681
3113,2.856,-8.3051,-1.225
3114,2.846,-8.387,-1.3159
3115,2.82,-8.339,-1.398
3116,3.0191,-8.442,-1.441
3117,3.375,-8.576,-1.405
3118,3.771,-8.715,-1.319
3119,4.0601,-8.863,-1.1989
3120,4.2011,-8.997,-1.0151
3121,4.254,-9.182,-0.74205
3122,4.2161,-9.337,-0.54105
3123,3.991,-9.512,-0.363
3124,3.682,-9.6371,-0.21705
3125,3.225,-9.653,-0.07605
3126,2.8009,-9.581,0.069
3127,2.358,-9.4429,0.234
3128,2.0899,-9.261,0.399
3129,1.776,-9.0761,0.60495
3130,1.565,-8.83,0.792
3131,1.446,-8.588,0.90705
3132,1.3,-8.415,0.98805
3133,1.254,-8.2691,1.043
3134,1.2919,-8.133,1.048
3135,1.359,-8.085,1.031
3136,1.424,-8.085,1.012
3137,1.5559,-8.126,0.996
3138,1.6369,-8.15,0.94995
3139,1.68,-8.277,0.98595
3140,1.671,-8.444,1.055
3141,1.6489,-8.597,1.13
3142,1.632,-8.763,1.2611
3143,1.575,-8.9921,1.3789
3144,1.501,-9.177,1.4861
3145,1.3909,-9.3011,1.57
3146,1.3639,-9.392,1.5799
3147,1.2731,-9.4429,1.551
3148,1.347,-9.4399,1.4029
3149,1.3639,-9.4429,1.249
3150,1.446,-9.402,0.99105
3151,1.5919,-9.3491,0.72705
3152,1.757,-9.275,0.39
3153,1.965,-9.246,0.03795
3154,2.2001,-9.225,-0.21495
3155,2.427,-9.225,-0.45
3156,2.693,-9.2561,-0.675
3157,2.964,-9.292,-0.85395
3158,3.1789,-9.311,-1.031
3159,3.404,-9.3011,-1.13
3160,3.536,-9.297,-1.1921
3161,3.651,-9.294,-1.1869
3162,3.708,-9.318,-1.142
3163,3.854,-9.249,-0.97905
3164,4.063,-9.194,-0.83295
3165,4.18,-9.182,-0.70305
3166,4.3,-9.162,-0.50505
3167,4.359,-9.189,-0.31095
3168,4.417,-9.218,-0.165
3169,4.371,-9.292,-0.06195
3170,4.2401,-9.4429,0.105
3171,4.1029,-9.5981,0.27705
3172,3.96,-9.768,0.49005
3173,3.782,-9.9619,0.64395
3174,3.617,-10.173,0.83805
3175,3.5,-10.374,0.98595
3176,3.335,-10.554,1.1059
3177,3.253,-10.673,1.2731
3178,3.1481,-10.726,1.484
3179,3.158,-10.755,1.668
3180,3.234,-10.81,1.812
3181,3.347,-10.812,1.903
3182,3.498,-10.858,1.8769
3183,3.6559,-10.977,1.743
3184,3.883,-11.15,1.458
3185,4.2161,-11.324,1.0871
3186,4.654,-11.504,0.67905
3187,4.989,-11.796,0.225
3188,5.169,-12.119,-0.18405
3189,5.334,-12.354,-0.53805
3190,5.521,-12.553,-0.888
3191,5.442,-12.694,-1.3091
3192,5.468,-12.699,-1.635
3193,5.518,-12.663,-1.841
3194,5.42,-12.541,-1.8769
3195,5.181,-12.342,-1.7381
3196,4.908,-12.17,-1.5491
3197,4.4051,-11.911,-1.388
3198,3.984,-11.732,-1.12
3199,3.4451,-11.447,-0.91905
3200,2.9419,-11.049,-0.82995
3201,2.5901,-10.412,-0.828
3202,2.4131,-9.6581,-0.79395
3203,2.202,-8.8249,-0.768
3204,2.025,-8.0749,-0.72495
3205,1.848,-7.391,-0.675
3206,1.6039,-6.7901,-0.64605
3207,1.302,-6.3731,-0.60495
3208,0.86895,-5.9801,-0.55695
3209,0.37095,-5.729,-0.49005
3210,-0.14805,-5.631,-0.462
3211,-0.672,-5.614,-0.474
3212,-1.158,-5.775,-0.41895
3213,-1.5559,-6.021,-0.447
3214,-1.776,-6.5,-0.51405
3215,-1.917,-7.185,-0.64095
3216,-1.999,-8.0749,-0.84195
3217,-2.121,-9.0521,-1.079
3218,-2.116,-10.044,-1.419
3219,-2.1829,-11.042,-1.735
3220,-2.2961,-11.909,-2.118
3221,-2.2721,-12.625,-2.444
3222,-2.145,-13.218,-2.7551
3223,-1.857,-13.628,-3.0259
3224,-1.398,-13.767,-3.3559
3225,-0.75105,-13.685,-3.759
3226,-0.09795,-13.326,-4.257
3227,0.52905,-12.842,-4.817
3228,1.077,-12.265,-5.262
3229,1.4501,-11.734,-5.444
3230,1.886,-11.171,-5.427
3231,2.214,-10.556,-5.3171
3232,2.5541,-9.9791,-5.164
3233,2.794,-9.6289,-4.934
3234,2.7529,-9.392,-4.6609
3235,2.439,-9.2321,-4.367
3236,2.116,-9.246,-3.969
3237,1.8259,-9.244,-3.524
3238,1.563,-9.289,-3.122
3239,1.388,-9.371,-2.806
3240,1.3279,-9.402,-2.499
3241,1.386,-9.414,-2.2841
3242,1.46,-9.5051,-2.049
3243,1.506,-9.567,-1.8191
3244,1.601,-9.5891,-1.482
3245,1.834,-9.5291,-1.2109
3246,1.9009,-9.433,-1.048
3247,1.86,-9.297,-0.97605
3248,1.764,-9.141,-0.88995
3249,1.6541,-8.9921,-0.852
3250,1.632,-8.863,-0.81105
3251,1.388,-8.717,-0.828
3252,0.924,-8.638,-0.56895
3253,1.2521,-8.3,-0.471
3254,1.23,-8.0591,-0.423
3255,1.383,-7.8,-0.28905
3256,1.398,-7.575,-0.069
3257,1.4149,-7.46,0.02295
3258,1.419,-7.446,0.03105
3259,1.5199,-7.434,-0.01095
3260,1.6609,-7.417,-0.12405
3261,1.776,-7.455,-0.23205
3262,1.927,-7.5889,-0.339
3263,1.8671,-7.707,-0.459
3264,1.788,-7.865,-0.579
3265,1.762,-7.9939,-0.708
3266,1.723,-8.011,-0.82305
3267,1.635,-8.018,-0.96195
3268,1.594,-8.1161,-1.0459
3269,1.4959,-8.2811,-1.048
3270,1.395,-8.358,-1.017
3271,1.302,-8.435,-1.06
3272,1.1389,-8.4701,-1.11
3273,1.125,-8.3801,-1.1561
3274,1.096,-8.274,-1.2731
3275,1.0339,-8.133,-1.3811
3276,1.024,-8.025,-1.494
3277,1.077,-7.86,-1.5919
3278,1.189,-7.726,-1.711
3279,1.2041,-7.5851,-1.786
3280,1.182,-7.4509,-1.8019
3281,1.146,-7.3691,-1.7831
3282,1.166,-7.348,-1.776
3283,1.115,-7.345,-1.74
3284,1.0001,-7.431,-1.6421
3285,0.876,-7.558,-1.546
3286,0.74205,-7.656,-1.424
3287,0.64605,-7.745,-1.3091
3288,0.603,-7.889,-1.233
3289,0.495,-8.032,-1.149
3290,0.438,-8.119,-0.957
3291,0.423,-8.15,-0.84
3292,0.663,-8.09,-0.78705
3293,1.084,-8.028,-0.77505
3294,1.436,-7.992,-0.744
3295,1.731,-7.9871,-0.66
3296,1.977,-7.9489,-0.60495
3297,2.2309,-8.0351,-0.603
3298,2.451,-8.1619,-0.567
3299,2.607,-8.3,-0.45195
3300,2.667,-8.4611,-0.33
3301,2.724,-8.631,-0.15
3302,2.9659,-8.7941,-0.21495
3303,3.21,-9.033,-0.29595
3304,3.4211,-9.337,-0.43995
3305,3.744,-9.6769,-0.62205
3306,4.134,-10.003,-0.747
3307,4.585,-10.285,-0.873
3308,5.0351,-10.489,-0.98595
3309,5.4319,-10.661,-1.0459
3310,5.734,-10.664,-1.024
3311,5.8661,-10.506,-0.92805
3312,5.8151,-10.273,-0.80895
3313,5.561,-10.029,-0.675
3314,5.245,-9.804,-0.55695
3315,4.889,-9.653,-0.45405
3316,4.5701,-9.565,-0.31305
3317,4.271,-9.522,-0.19095
3318,4.091,-9.498,-0.081
3319,4.0579,-9.467,-0.04995
3320,4.252,-9.4429,-0.045
3321,4.635,-9.419,-0.06195
3322,5.13,-9.3349,-0.06405
3323,5.7889,-9.244,-0.081
3324,6.4211,-9.174,-0.174
3325,6.998,-9.117,-0.42105
3326,7.8259,-9.21,-0.64605
3327,8.8871,-9.4571,-0.816
3328,9.388,-9.914,-1.053
3329,9.244,-10.647,-1.3331
3330,8.3629,-11.588,-1.618
3331,7.601,-12.615,-1.8551
3332,7.0549,-13.578,-2.1521
3333,6.665,-14.375,-2.693
3334,6.644,-14.767,-3.5501
3335,7.041,-14.715,-4.5011
3336,7.352,-14.243,-5.118
3337,7.388,-13.74,-5.47
3338,7.209,-13.245,-5.526
3339,6.785,-12.802,-5.1589
3340,6.292,-12.423,-4.467
3341,5.585,-12.031,-3.581
3342,4.9219,-11.727,-2.655
3343,4.338,-11.494,-1.711
3344,3.615,-11.186,-0.84195
3345,2.8969,-10.81,-0.10005
3346,2.174,-10.297,0.55995
3347,1.388,-9.644,1.06
3348,0.79005,-8.913,1.3639
3349,0.459,-8.2931,1.434
3350,0.26295,-7.8551,1.3811
3351,0.25095,-7.601,1.194
3352,0.351,-7.656,0.87105
3353,0.65805,-8.011,0.435
3354,1.0871,-8.7,-0.01095
3355,1.5439,-9.471,-0.38295
3356,1.8791,-10.173,-0.747
3357,2.1349,-10.666,-0.92595
3358,2.391,-10.838,-1.0219
3359,2.504,-10.731,-0.92805
3360,2.403,-10.463,-0.79395
3361,2.118,-10.214,-0.612
3362,1.764,-10.029,-0.375
3363,1.326,-9.9529,-0.13605
3364,0.897,-9.957,0.093
3365,0.53805,-9.981,0.294
3366,0.249,-10.082,0.462
3367,0.09495,-10.187,0.543
3368,0.23205,-10.288,0.64395
3369,0.55995,-10.355,0.78705
3370,1.091,-10.434,0.861
3371,1.64,-10.467,1.101
3372,2.1521,-10.537,1.395
3373,2.583,-10.575,1.8019
3374,2.9299,-10.537,2.1761
3375,3.1099,-10.453,2.5061
3376,3.0469,-10.333,2.842
3377,2.8699,-10.23,3.0739
3378,2.533,-10.223,3.387
3379,1.999,-10.278,3.536
3380,1.551,-10.321,3.5381
3381,1.048,-10.395,3.45
3382,0.70605,-10.362,3.261
3383,0.50895,-10.281,2.995
3384,0.39,-10.206,2.686
3385,0.31995,-10.13,2.274
3386,0.21495,-10,1.7831
3387,0.08295,-9.8351,1.271
3388,-0.021,-9.5839,0.828
3389,-0.03795,-9.3971,0.55695
3390,0.138,-9.174,0.22695
3391,0.237,-8.9659,-0.09495
3392,0.18105,-8.8699,-0.31995
3393,0.07605,-8.8369,-0.579
3394,-0.06405,-8.861,-0.79005
3395,-0.24405,-8.894,-0.933
3396,-0.414,-8.985,-0.99105
3397,-0.474,-9.002,-0.97905
3398,-0.56895,-8.997,-0.94995
3399,-0.72705,-9.069,-0.76605
3400,-0.76995,-9.143,-0.624
3401,-0.74895,-9.122,-0.498
3402,-0.76605,-9.016,-0.33705
3403,-1.007,-8.916,-0.27495
3404,-1.084,-8.772,-0.23895
3405,-1.3,-8.705,-0.201
3406,-1.23,-8.629,-0.18105
3407,-1.017,-8.5541,-0.24105
3408,-0.77505,-8.451,-0.363
3409,-0.39495,-8.389,-0.498
3410,0.093,-8.403,-0.663
3411,0.67005,-8.3509,-0.948
3412,1.3279,-8.427,-1.177
3413,1.9481,-8.49,-1.388
3414,2.42,-8.583,-1.4981
3415,2.803,-8.7221,-1.5319
3416,3.0311,-8.81,-1.4861
3417,3.0589,-8.8421,-1.347
3418,3.0311,-8.8819,-1.1441
3419,3.0071,-8.892,-0.96405
3420,2.9089,-8.897,-0.804
3421,2.763,-8.894,-0.60495
3422,2.581,-8.88,-0.44505
3423,2.487,-8.8751,-0.27705
3424,2.411,-8.8421,-0.09495
3425,2.37,-8.8661,0.069
3426,2.406,-8.8819,0.27705
3427,2.418,-8.928,0.42105
3428,2.4851,-8.9951,0.58395
3429,2.5661,-9.0761,0.70305
3430,2.64,-9.119,0.78495
3431,2.698,-9.134,0.804
3432,2.767,-9.177,0.81795
3433,2.827,-9.17,0.79395
3434,2.889,-9.1241,0.76995
3435,2.88,-9.138,0.69105
3436,2.901,-9.15,0.65295
3437,2.9659,-9.182,0.62895
3438,3.0139,-9.2291,0.648
3439,3.028,-9.206,0.67905
3440,3.0499,-9.2291,0.651
3441,2.997,-9.237,0.61695
3442,2.973,-9.263,0.555
3443,2.8729,-9.227,0.51705
3444,2.8369,-9.1669,0.51195
3445,2.7769,-9.122,0.51195
3446,2.7551,-9.0521,0.52605
3447,2.705,-9.0311,0.54795
3448,2.583,-8.976,0.57195
3449,2.466,-8.94,0.543
3450,2.451,-8.94,0.46905
3451,2.408,-8.9801,0.37305
3452,2.4731,-9.0311,0.198
3453,2.5061,-9.131,0.00195
3454,2.583,-9.189,-0.25605
3455,2.6831,-9.258,-0.54795
3456,2.796,-9.3611,-0.78705
3457,2.865,-9.419,-0.97605
3458,2.9179,-9.447,-1.1441
3459,2.947,-9.459,-1.283
3460,3.0709,-9.359,-1.383
3461,3.1909,-9.2651,-1.434
3462,3.3371,-9.131,-1.371
3463,3.4811,-8.937,-1.2281
3464,3.533,-8.815,-1.024
3465,3.531,-8.643,-0.792
3466,3.521,-8.528,-0.519
3467,3.529,-8.444,-0.22005
3468,3.548,-8.468,0.09
3469,3.533,-8.5571,0.426
3470,3.517,-8.7221,0.768
3471,3.4571,-8.976,1.122
3472,3.354,-9.2291,1.506
3473,3.174,-9.56,1.8379
3474,3.028,-9.869,2.2001
3475,2.853,-10.175,2.4821
3476,2.521,-10.484,2.796
3477,2.2481,-10.673,3.0139
3478,2.025,-10.877,3.174
3479,1.793,-10.992,3.253
3480,1.6901,-11.152,3.2891
3481,1.644,-11.351,3.229
3482,1.7089,-11.72,3.0379
3483,1.903,-12.086,2.81
3484,2.2121,-12.431,2.427
3485,2.604,-12.716,1.8791
3486,3.009,-12.96,1.2161
3487,3.407,-13.204,0.48105
3488,3.5741,-13.494,-0.31305
3489,3.4541,-13.75,-1.1321
3490,2.988,-13.865,-1.922
3491,2.375,-13.846,-2.6951
3492,1.68,-13.827,-3.193
3493,1.233,-13.647,-3.438
3494,0.89505,-13.419,-3.387
3495,0.78495,-13.125,-3.205
3496,0.96195,-12.79,-3.0589
3497,1.376,-12.433,-2.865
3498,1.781,-12.122,-2.691
3499,2.037,-11.904,-2.514
3500,2.181,-11.691,-2.423
3501,2.19,-11.487,-2.334
3502,2.1469,-11.238,-2.221
3503,2.0711,-11.097,-2.044
3504,1.9009,-10.913,-1.834
3505,1.757,-10.664,-1.582
3506,1.527,-10.424,-1.3159
3507,1.422,-10.137,-1.024
3508,1.2971,-9.7751,-0.873
3509,1.1921,-9.459,-0.73905
3510,1.182,-9.112,-0.56205
3511,1.0699,-8.7911,-0.42795
3512,1.003,-8.5331,-0.294
3513,1.0099,-8.2811,-0.153
3514,0.912,-8.085,-0.00705
3515,0.88305,-7.965,0.15495
3516,0.71295,-8.054,0.31605
3517,0.46605,-8.193,0.52395
3518,0.342,-8.356,0.768
3519,0.28005,-8.573,0.945
3520,0.29895,-8.8391,1.113
3521,0.27,-9.103,1.2401
3522,0.30405,-9.342,1.2611
3523,0.41595,-9.7159,1.254
3524,0.55005,-10.01,1.12
3525,0.39195,-10.463,0.909
3526,0.36105,-10.858,0.747
3527,0.45195,-11.159,0.53805
3528,0.543,-11.133,0.26505
3529,0.54495,-10.913,-0.189
3530,0.30795,-11.262,-0.78705
3531,0.28905,-11.573,-1.747
3532,0.21705,-11.712,-2.8849
3533,-0.09495,-11.882,-3.852
3534,-0.747,-11.834,-4.391
3535,-1.5251,-11.765,-4.628
3536,-2.3239,-11.578,-4.513
3537,-2.609,-11.145,-4.096
3538,-2.65,-10.599,-3.498
3539,-2.722,-10.235,-3.0349
3540,-2.528,-9.8501,-2.676
3541,-2.621,-9.6011,-2.468
3542,-2.5661,-9.3611,-1.728
3543,-2.573,-9.179,-0.92595
3544,-2.652,-9.263,-0.354
3545,-2.6831,-9.251,0.14295
3546,-2.64,-9.198,0.74205
3547,-2.6261,-9.237,1.177
3548,-2.181,-8.971,1.477
3549,-1.824,-8.7101,1.6661
3550,-1.599,-8.832,1.757
3551,-1.4,-8.909,1.891
3552,-1.06,-8.949,2.0299
3553,-0.64605,-8.8699,2.174
3554,-0.318,-8.715,2.193
3555,-0.18405,-8.715,2.233
3556,-0.258,-8.667,2.226
3557,-0.41895,-8.595,2.145
3558,-0.71505,-8.6051,1.743
3559,-1.005,-8.4919,1.257
3560,-1.06,-8.1619,0.82605
3561,-1.197,-8.013,0.65295
3562,-1.57,-8.08,0.35595
3563,-1.6039,-8.04,-0.282
3564,-1.4029,-7.747,-0.603
3565,-0.933,-7.252,-0.73005
3566,-0.366,-6.766,-0.90195
3567,-0.06705,-6.4901,-0.90705
3568,0.17205,-6.337,-0.88305
3569,0.32295,-5.801,-0.82605
3570,-0.67905,0.94995,-4.2851
3571,-0.43305,-3.275,-3.459
3572,-1.024,-7.843,-0.21705
3573,-0.438,-8.736,0.948
3574,0.14595,-8.937,1.575
3575,0.861,-9.5381,2.0629
3576,1.668,-10.319,2.545
3577,2.403,-11.03,2.4461
3578,3.435,-11.068,2.13
3579,4.2641,-10.968,1.4959
3580,5.463,-10,0.981
3581,6.771,-8.856,0.63405
3582,7.395,-8.985,0.699
3583,6.996,-9.6341,0.71295
3584,6.3041,-9.603,0.37305
3585,5.849,-8.916,-0.32805
3586,5.968,-8.006,-1.4261
3587,6.222,-7.4051,-2.679
3588,6.131,-7.491,-3.8329
3589,6.1189,-8.2601,-4.6181
3590,5.9539,-9.237,-5.2309
3591,5.7671,-10.053,-5.564
3592,5.6239,-10.513,-5.707
3593,5.372,-10.522,-7.0121
3594,5.0389,-10.894,-6.902
3595,4.843,-10.989,-6.1361
3596,4.726,-10.951,-4.8289
3597,4.367,-11.056,-3.165
3598,3.9049,-10.963,-1.412
3599,3.222,-10.522,0.05895
3600,2.2811,-9.5501,1.2401
3601,1.1749,-8.909,2.1641
3602,0.25095,-9.5021,2.631
3603,-0.61695,-11.763,2.9089
3604,-0.94995,-12.696,5.037
3605,-1.019,-13.261,5.952
3606,-0.60495,-12.823,7.482
3607,0.47595,-10.843,8.942
3608,1.47,-9.3401,8.985
3609,1.915,-9.388,8.262
3610,1.506,-10.826,6.8021
3611,0.912,-12.392,5.64
3612,0.81795,-13.082,4.6399
3613,1.3331,-12.761,3.5141
3614,1.951,-12.373,2.382
3615,2.408,-12.052,1.103
3616,2.478,-12.17,-0.735
3617,2.442,-12.49,-2.399
3618,2.652,-12.275,-4.0271
3619,2.727,-11.954,-6.378
3620,2.502,-11.463,-11.011
3621,2.6141,-10.814,-16.202
3622,2.717,-10.443,-18.012
3623,2.607,-10.86,-14.916
3624,2.2811,-11.506,-9.263
3625,2.178,-12.112,-3.682
3626,1.8671,-13.326,1.992
3627,0.711,-15.28,5.312
3628,-0.34695,-17.145,7.3121
3629,-1.376,-18.716,8.19
3630,-1.307,-18.591,8.195
3631,-1.7951,-19.609,7.656
3632,-2.7769,-20.751,6.6131
3633,-3.883,-21.878,5.499
3634,-5.255,-23.301,4.958
3635,-6.663,-24.57,4.008
3636,-7.934,-24.51,2.8489
3637,-8.739,-23.758,3.3199
3638,-9.148,-23.396,6.574
3639,-8.952,-23.523,10.86
3640,-8.138,-23.523,15.294
3641,-6.6101,-23.107,17.423
3642,-4.489,-21.859,15.907
3643,-3.275,-20.729,11.748
3644,-1.632,-20.107,9.246
3645,0.06195,-19.973,10.405
3646,2.085,-19.925,12.948
3647,3.6439,-20.49,15.084
3648,4.4051,-21.811,16.065
3649,3.8329,-24.4,16.202
3650,4.278,-25.937,11.942
3651,5.212,-25.52,7.553
3652,7.067,-23.981,5.2909
3653,7.791,-22.709,6.1361
3654,7.491,-21.704,7.2761
3655,8.016,-19.903,8.629
3656,8.583,-18.481,8.068
3657,8.712,-17.49,7.472
3658,10.843,-15.95,4.8581
3659,14.2,-14.193,0.06405
3660,16.937,-12.306,-3.241
3661,17.011,-11.609,0.82095
3662,19.779,-9.342,1.053
3663,23.317,-7.544,0.45195
3664,22.774,-7.089,1.12
3665,20.624,-6.684,0.83805
3666,17.688,-6.615,-1.735
3667,14.772,-6.636,-3.471
3668,11.145,-6.7631,-1.735
3669,8.152,-6.498,0.05895
3670,6.131,-6.148,1.386
3671,4.977,-5.475,4.896
3672,3.44,-4.6129,6.2441
3673,2.698,-3.9,7.9991
3674,3.4901,-3.225,8.626
3675,4.747,-1.951,8.1281
3676,5.564,-1.019,7.0841
3677,6.359,-0.41895,6.282
3678,7.077,-0.16695,6.897
3679,6.574,-0.34395,6.399
3680,5.569,-0.78,5.583
3681,4.1509,-1.338,4.6661
3682,1.606,-1.793,2.7529
3683,1.46,-1.6609,1.881
3684,12.064,0.213,5.478
3685,11.533,1.096,8.001
3686,8.957,1.5079,10.039
3687,6.574,0.924,11.399
3688,4.2161,-0.48795,12.548
3689,2.126,-2.025,13.642
3690,0.37305,-3.275,14.382
3691,-1.1509,-4.2011,14.238
3692,-2.48,-4.819,13.625
3693,-3.7729,-5.164,12.909
3694,-5.016,-5.36,12.613
3695,-6.138,-5.423,12.9
3696,-7.1321,-5.214,13.491
3697,-7.848,-4.668,14.432
3698,-8.4251,-4.065,15.5
3699,-8.8991,-3.689,16.338
3700,-9.191,-3.2959,16.618
3701,-9.4429,-3.052,16.429
3702,-9.2681,-3.299,15.807
3703,-8.372,-3.617,15.151
3704,-7.2041,-4.156,14.691
3705,-6.138,-4.917,14.621
3706,-5.312,-5.6929,14.346
3707,-4.656,-6.1339,13.47
3708,-4.4029,-6.617,12.778
3709,-4.4959,-7.0339,11.902
3710,-4.7089,-7.235,10.965
3711,-4.984,-7.1921,10.158
3712,-5.284,-7.039,9.6319
3713,-5.5541,-6.885,9.33
3714,-5.652,-6.715,9.1099
3715,-5.473,-6.5,8.77
3716,-5.061,-6.3319,8.296
3717,-4.482,-6.162,7.9009
3718,-3.747,-5.9299,7.798
3719,-2.9329,-5.736,7.654
3720,-2.0539,-5.585,7.1989
3721,-1.0939,-5.499,6.577
3722,-0.21,-5.5331,5.87
3723,0.59295,-5.537,5.418
3724,0.90705,-5.806,5.916
3725,0.99105,-6.668,6.38
3726,1.2799,-7.383,6.337
3727,1.489,-8.1619,5.638
3728,1.6661,-8.736,4.5649
3729,1.8071,-8.863,3.5021
3730,1.711,-8.739,2.6261
3731,1.3039,-8.485,1.841
3732,0.696,-8.0711,1.1441
3733,-0.00195,-7.527,0.687
3734,-0.73005,-7.094,0.56505
3735,-1.417,-6.759,0.75795
3736,-2.0351,-6.486,1.0939
3737,-2.5421,-6.313,1.3159
3738,-2.616,-6.165,1.324
3739,-2.4821,-5.8819,1.5079
3740,0.87795,-5.511,9.277
3741,16.053,-3.5501,38.588
